date,product_id,warehouse_id,units_sold,stock_level,price,promotion,temperature,event
2022-01-01,SKU-0001,WH-01,57,1465,30.76,False,21.9,
2022-01-01,SKU-0001,WH-02,67,1484,44.24,False,21.9,
2022-01-01,SKU-0001,WH-03,60,717,16.03,False,21.9,
2022-01-01,SKU-0002,WH-01,67,716,54.31,False,21.9,
2022-01-01,SKU-0002,WH-02,68,1387,29.77,False,21.9,
2022-01-01,SKU-0002,WH-03,93,1095,29.55,False,21.9,
2022-01-01,SKU-0003,WH-01,22,339,14.31,False,21.9,
2022-01-01,SKU-0003,WH-02,35,449,35.44,False,21.9,
2022-01-01,SKU-0003,WH-03,43,1057,13.76,False,21.9,
2022-01-01,SKU-0004,WH-01,62,1690,18.14,False,21.9,
2022-01-01,SKU-0004,WH-02,90,1485,38.55,False,21.9,
2022-01-01,SKU-0004,WH-03,107,1326,64.62,False,21.9,
2022-01-01,SKU-0005,WH-01,105,2087,86.35,False,21.9,
2022-01-01,SKU-0005,WH-02,99,1612,50.12,False,21.9,
2022-01-01,SKU-0005,WH-03,108,2712,88.94,False,21.9,
2022-01-02,SKU-0001,WH-01,59,1618,37.89,False,17.5,
2022-01-02,SKU-0001,WH-02,67,1752,27.05,False,17.5,
2022-01-02,SKU-0001,WH-03,66,1224,37.63,False,17.5,
2022-01-02,SKU-0002,WH-01,70,1284,87.51,False,17.5,
2022-01-02,SKU-0002,WH-02,75,1235,21.73,False,17.5,
2022-01-02,SKU-0002,WH-03,88,2574,75.16,False,17.5,
2022-01-02,SKU-0003,WH-01,25,268,48.88,False,17.5,
2022-01-02,SKU-0003,WH-02,31,400,54.18,False,17.5,
2022-01-02,SKU-0003,WH-03,25,631,106.28,False,17.5,
2022-01-02,SKU-0004,WH-01,51,1156,86.14,False,17.5,
2022-01-02,SKU-0004,WH-02,109,1497,17.23,False,17.5,
2022-01-02,SKU-0004,WH-03,190,4352,53.38,True,17.5,
2022-01-02,SKU-0005,WH-01,86,1097,76.66,False,17.5,
2022-01-02,SKU-0005,WH-02,78,2055,21.86,False,17.5,
2022-01-02,SKU-0005,WH-03,115,3214,55.8,False,17.5,
2022-01-03,SKU-0001,WH-01,39,456,84.31,False,17.9,
2022-01-03,SKU-0001,WH-02,41,414,101.93,False,17.9,
2022-01-03,SKU-0001,WH-03,66,956,55.14,False,17.9,
2022-01-03,SKU-0002,WH-01,60,1380,35.51,False,17.9,
2022-01-03,SKU-0002,WH-02,56,972,63.51,False,17.9,
2022-01-03,SKU-0002,WH-03,69,1921,32.43,False,17.9,
2022-01-03,SKU-0003,WH-01,28,556,84.31,False,17.9,
2022-01-03,SKU-0003,WH-02,19,547,75.72,False,17.9,
2022-01-03,SKU-0003,WH-03,24,704,96.79,False,17.9,
2022-01-03,SKU-0004,WH-01,49,1324,93.19,False,17.9,
2022-01-03,SKU-0004,WH-02,93,2225,21.43,False,17.9,
2022-01-03,SKU-0004,WH-03,79,2176,18.92,False,17.9,
2022-01-03,SKU-0005,WH-01,66,1048,64.42,False,17.9,
2022-01-03,SKU-0005,WH-02,76,1973,94.37,False,17.9,
2022-01-03,SKU-0005,WH-03,68,1140,101.37,False,17.9,
2022-01-04,SKU-0001,WH-01,39,813,61.8,False,21.4,
2022-01-04,SKU-0001,WH-02,57,715,60.19,False,21.4,
2022-01-04,SKU-0001,WH-03,40,468,83.66,False,21.4,
2022-01-04,SKU-0002,WH-01,53,1300,70.22,False,21.4,
2022-01-04,SKU-0002,WH-02,52,802,62.38,False,21.4,
2022-01-04,SKU-0002,WH-03,77,1400,17.92,False,21.4,
2022-01-04,SKU-0003,WH-01,15,364,24.84,False,21.4,
2022-01-04,SKU-0003,WH-02,20,368,42.66,False,21.4,
2022-01-04,SKU-0003,WH-03,35,418,41.04,False,21.4,
2022-01-04,SKU-0004,WH-01,53,952,51.28,False,21.4,
2022-01-04,SKU-0004,WH-02,65,1464,66.3,False,21.4,
2022-01-04,SKU-0004,WH-03,97,1107,78.54,False,21.4,
2022-01-04,SKU-0005,WH-01,70,1506,13.19,False,21.4,
2022-01-04,SKU-0005,WH-02,47,1355,82.38,False,21.4,
2022-01-04,SKU-0005,WH-03,96,1572,91.81,False,21.4,
2022-01-05,SKU-0001,WH-01,48,1251,64.24,False,20.0,
2022-01-05,SKU-0001,WH-02,49,1461,27.48,False,20.0,
2022-01-05,SKU-0001,WH-03,45,1288,46.14,False,20.0,
2022-01-05,SKU-0002,WH-01,59,712,54.26,False,20.0,
2022-01-05,SKU-0002,WH-02,54,1507,59.99,False,20.0,
2022-01-05,SKU-0002,WH-03,70,2031,12.02,False,20.0,
2022-01-05,SKU-0003,WH-01,16,265,66.0,False,20.0,
2022-01-05,SKU-0003,WH-02,27,319,74.24,False,20.0,
2022-01-05,SKU-0003,WH-03,17,472,16.13,False,20.0,
2022-01-05,SKU-0004,WH-01,50,1118,24.17,False,20.0,
2022-01-05,SKU-0004,WH-02,70,1851,16.58,False,20.0,
2022-01-05,SKU-0004,WH-03,61,1602,17.67,False,20.0,
2022-01-05,SKU-0005,WH-01,72,840,84.84,False,20.0,
2022-01-05,SKU-0005,WH-02,81,990,68.45,False,20.0,
2022-01-05,SKU-0005,WH-03,83,1027,10.85,False,20.0,
2022-01-06,SKU-0001,WH-01,42,735,80.94,False,21.5,
2022-01-06,SKU-0001,WH-02,46,528,90.15,False,21.5,
2022-01-06,SKU-0001,WH-03,42,1004,119.37,False,21.5,
2022-01-06,SKU-0002,WH-01,55,600,72.28,False,21.5,
2022-01-06,SKU-0002,WH-02,72,1613,94.48,False,21.5,
2022-01-06,SKU-0002,WH-03,75,1625,21.21,False,21.5,
2022-01-06,SKU-0003,WH-01,27,709,79.01,False,21.5,
2022-01-06,SKU-0003,WH-02,34,974,21.38,False,21.5,
2022-01-06,SKU-0003,WH-03,26,681,13.97,False,21.5,
2022-01-06,SKU-0004,WH-01,96,2822,19.51,False,21.5,
2022-01-06,SKU-0004,WH-02,82,1268,64.5,False,21.5,
2022-01-06,SKU-0004,WH-03,81,2056,87.87,False,21.5,
2022-01-06,SKU-0005,WH-01,57,717,83.76,False,21.5,
2022-01-06,SKU-0005,WH-02,63,1409,69.15,False,21.5,
2022-01-06,SKU-0005,WH-03,118,3003,20.71,False,21.5,
2022-01-07,SKU-0001,WH-01,32,338,99.15,False,22.1,
2022-01-07,SKU-0001,WH-02,43,547,64.06,False,22.1,
2022-01-07,SKU-0001,WH-03,56,1050,44.4,True,22.1,
2022-01-07,SKU-0002,WH-01,64,1148,47.31,False,22.1,
2022-01-07,SKU-0002,WH-02,62,940,88.26,False,22.1,
2022-01-07,SKU-0002,WH-03,47,1065,106.02,False,22.1,
2022-01-07,SKU-0003,WH-01,18,304,16.68,False,22.1,
2022-01-07,SKU-0003,WH-02,19,263,55.22,False,22.1,
2022-01-07,SKU-0003,WH-03,34,400,26.47,True,22.1,
2022-01-07,SKU-0004,WH-01,64,1284,48.59,False,22.1,
2022-01-07,SKU-0004,WH-02,89,1036,11.92,False,22.1,
2022-01-07,SKU-0004,WH-03,65,1698,104.07,False,22.1,
2022-01-07,SKU-0005,WH-01,69,1359,26.02,False,22.1,
2022-01-07,SKU-0005,WH-02,108,1159,37.9,False,22.1,
2022-01-07,SKU-0005,WH-03,94,1940,72.35,False,22.1,
2022-01-08,SKU-0001,WH-01,55,965,53.24,False,24.0,
2022-01-08,SKU-0001,WH-02,86,1066,36.47,True,24.0,
2022-01-08,SKU-0001,WH-03,70,1398,70.12,False,24.0,
2022-01-08,SKU-0002,WH-01,73,1360,67.23,False,24.0,
2022-01-08,SKU-0002,WH-02,60,1285,40.5,False,24.0,
2022-01-08,SKU-0002,WH-03,112,1348,84.97,False,24.0,
2022-01-08,SKU-0003,WH-01,28,440,30.91,False,24.0,
2022-01-08,SKU-0003,WH-02,27,492,91.15,False,24.0,
2022-01-08,SKU-0003,WH-03,34,929,20.87,False,24.0,
2022-01-08,SKU-0004,WH-01,67,1915,34.87,False,24.0,
2022-01-08,SKU-0004,WH-02,70,962,67.18,False,24.0,
2022-01-08,SKU-0004,WH-03,132,1623,40.43,False,24.0,
2022-01-08,SKU-0005,WH-01,108,2119,31.88,False,24.0,
2022-01-08,SKU-0005,WH-02,105,1183,13.4,False,24.0,
2022-01-08,SKU-0005,WH-03,140,3308,36.66,False,24.0,
2022-01-09,SKU-0001,WH-01,42,572,51.47,False,20.9,
2022-01-09,SKU-0001,WH-02,75,960,77.39,False,20.9,
2022-01-09,SKU-0001,WH-03,68,1788,28.86,False,20.9,
2022-01-09,SKU-0002,WH-01,87,1553,55.25,False,20.9,
2022-01-09,SKU-0002,WH-02,76,1218,47.91,False,20.9,
2022-01-09,SKU-0002,WH-03,114,2015,42.92,False,20.9,
2022-01-09,SKU-0003,WH-01,26,749,89.58,False,20.9,
2022-01-09,SKU-0003,WH-02,32,717,41.29,False,20.9,
2022-01-09,SKU-0003,WH-03,35,568,86.69,False,20.9,
2022-01-09,SKU-0004,WH-01,80,2020,80.06,False,20.9,
2022-01-09,SKU-0004,WH-02,118,1534,38.84,False,20.9,
2022-01-09,SKU-0004,WH-03,128,3057,71.67,False,20.9,
2022-01-09,SKU-0005,WH-01,74,2085,37.09,False,20.9,
2022-01-09,SKU-0005,WH-02,120,1568,43.71,False,20.9,
2022-01-09,SKU-0005,WH-03,118,3238,55.22,False,20.9,
2022-01-10,SKU-0001,WH-01,48,626,74.28,False,22.7,
2022-01-10,SKU-0001,WH-02,37,1061,74.9,False,22.7,
2022-01-10,SKU-0001,WH-03,43,773,63.42,False,22.7,
2022-01-10,SKU-0002,WH-01,47,975,36.1,False,22.7,
2022-01-10,SKU-0002,WH-02,51,971,46.4,False,22.7,
2022-01-10,SKU-0002,WH-03,71,1418,49.47,False,22.7,
2022-01-10,SKU-0003,WH-01,14,317,102.31,False,22.7,
2022-01-10,SKU-0003,WH-02,32,375,67.84,True,22.7,
2022-01-10,SKU-0003,WH-03,31,775,51.46,False,22.7,
2022-01-10,SKU-0004,WH-01,65,698,85.61,False,22.7,
2022-01-10,SKU-0004,WH-02,34,640,69.28,False,22.7,
2022-01-10,SKU-0004,WH-03,81,2206,58.3,False,22.7,
2022-01-10,SKU-0005,WH-01,57,1036,47.23,False,22.7,
2022-01-10,SKU-0005,WH-02,137,1444,26.3,True,22.7,
2022-01-10,SKU-0005,WH-03,92,1249,31.1,False,22.7,
2022-01-11,SKU-0001,WH-01,49,879,73.28,False,22.1,
2022-01-11,SKU-0001,WH-02,53,544,29.17,False,22.1,
2022-01-11,SKU-0001,WH-03,45,1253,27.82,False,22.1,
2022-01-11,SKU-0002,WH-01,47,1025,47.96,False,22.1,
2022-01-11,SKU-0002,WH-02,83,1554,56.85,False,22.1,
2022-01-11,SKU-0002,WH-03,77,2107,74.67,False,22.1,
2022-01-11,SKU-0003,WH-01,21,219,94.12,False,22.1,
2022-01-11,SKU-0003,WH-02,17,217,66.65,False,22.1,
2022-01-11,SKU-0003,WH-03,21,324,105.92,False,22.1,
2022-01-11,SKU-0004,WH-01,100,1548,93.22,True,22.1,
2022-01-11,SKU-0004,WH-02,76,777,61.91,False,22.1,
2022-01-11,SKU-0004,WH-03,79,1739,95.8,False,22.1,
2022-01-11,SKU-0005,WH-01,69,1219,28.32,False,22.1,
2022-01-11,SKU-0005,WH-02,84,979,15.37,False,22.1,
2022-01-11,SKU-0005,WH-03,77,1318,29.75,False,22.1,
2022-01-12,SKU-0001,WH-01,33,948,73.67,False,21.5,
2022-01-12,SKU-0001,WH-02,56,1116,27.66,False,21.5,
2022-01-12,SKU-0001,WH-03,64,736,38.67,False,21.5,
2022-01-12,SKU-0002,WH-01,78,1164,51.17,False,21.5,
2022-01-12,SKU-0002,WH-02,79,1723,73.03,False,21.5,
2022-01-12,SKU-0002,WH-03,82,1124,18.11,False,21.5,
2022-01-12,SKU-0003,WH-01,23,533,95.8,False,21.5,
2022-01-12,SKU-0003,WH-02,19,274,85.82,False,21.5,
2022-01-12,SKU-0003,WH-03,27,288,102.74,False,21.5,
2022-01-12,SKU-0004,WH-01,73,1989,36.62,False,21.5,
2022-01-12,SKU-0004,WH-02,93,1154,33.28,False,21.5,
2022-01-12,SKU-0004,WH-03,58,656,81.79,False,21.5,
2022-01-12,SKU-0005,WH-01,92,2072,54.74,False,21.5,
2022-01-12,SKU-0005,WH-02,95,2734,65.97,False,21.5,
2022-01-12,SKU-0005,WH-03,78,1407,112.02,False,21.5,
2022-01-13,SKU-0001,WH-01,34,842,81.63,False,25.2,
2022-01-13,SKU-0001,WH-02,50,796,16.44,False,25.2,
2022-01-13,SKU-0001,WH-03,47,1109,12.52,False,25.2,
2022-01-13,SKU-0002,WH-01,74,2138,83.97,False,25.2,
2022-01-13,SKU-0002,WH-02,77,1560,63.81,False,25.2,
2022-01-13,SKU-0002,WH-03,61,1561,30.08,False,25.2,
2022-01-13,SKU-0003,WH-01,23,579,14.36,False,25.2,
2022-01-13,SKU-0003,WH-02,26,376,21.05,False,25.2,
2022-01-13,SKU-0003,WH-03,24,661,67.38,False,25.2,
2022-01-13,SKU-0004,WH-01,68,1571,22.01,False,25.2,
2022-01-13,SKU-0004,WH-02,51,775,18.43,False,25.2,
2022-01-13,SKU-0004,WH-03,91,2459,47.76,False,25.2,
2022-01-13,SKU-0005,WH-01,89,1509,54.44,False,25.2,
2022-01-13,SKU-0005,WH-02,88,2283,63.01,False,25.2,
2022-01-13,SKU-0005,WH-03,104,2781,83.44,False,25.2,
2022-01-14,SKU-0001,WH-01,56,1547,61.41,False,25.0,
2022-01-14,SKU-0001,WH-02,55,919,12.42,False,25.0,
2022-01-14,SKU-0001,WH-03,60,1209,25.49,False,25.0,
2022-01-14,SKU-0002,WH-01,89,2015,36.52,True,25.0,
2022-01-14,SKU-0002,WH-02,61,741,77.09,False,25.0,
2022-01-14,SKU-0002,WH-03,79,1790,58.15,False,25.0,
2022-01-14,SKU-0003,WH-01,24,273,19.56,False,25.0,
2022-01-14,SKU-0003,WH-02,23,389,74.72,False,25.0,
2022-01-14,SKU-0003,WH-03,26,273,14.64,False,25.0,
2022-01-14,SKU-0004,WH-01,76,1799,45.25,True,25.0,
2022-01-14,SKU-0004,WH-02,83,2149,30.37,False,25.0,
2022-01-14,SKU-0004,WH-03,74,1709,30.6,False,25.0,
2022-01-14,SKU-0005,WH-01,65,1877,93.45,False,25.0,
2022-01-14,SKU-0005,WH-02,83,2463,57.18,False,25.0,
2022-01-14,SKU-0005,WH-03,91,967,84.04,False,25.0,
2022-01-15,SKU-0001,WH-01,68,1736,93.81,False,25.7,
2022-01-15,SKU-0001,WH-02,77,972,84.05,False,25.7,
2022-01-15,SKU-0001,WH-03,118,2316,105.22,True,25.7,
2022-01-15,SKU-0002,WH-01,68,953,22.31,False,25.7,
2022-01-15,SKU-0002,WH-02,57,1479,18.62,False,25.7,
2022-01-15,SKU-0002,WH-03,88,1936,53.85,False,25.7,
2022-01-15,SKU-0003,WH-01,41,442,54.96,False,25.7,
2022-01-15,SKU-0003,WH-02,32,716,20.37,False,25.7,
2022-01-15,SKU-0003,WH-03,38,646,53.38,False,25.7,
2022-01-15,SKU-0004,WH-01,110,2349,17.14,True,25.7,
2022-01-15,SKU-0004,WH-02,92,1112,79.75,False,25.7,
2022-01-15,SKU-0004,WH-03,117,2829,70.31,False,25.7,
2022-01-15,SKU-0005,WH-01,96,2524,69.46,False,25.7,
2022-01-15,SKU-0005,WH-02,122,2324,100.39,False,25.7,
2022-01-15,SKU-0005,WH-03,118,1322,58.51,False,25.7,
2022-01-16,SKU-0001,WH-01,66,1702,79.34,False,24.5,
2022-01-16,SKU-0001,WH-02,58,845,64.31,False,24.5,
2022-01-16,SKU-0001,WH-03,99,2337,86.71,False,24.5,
2022-01-16,SKU-0002,WH-01,60,1642,12.43,False,24.5,
2022-01-16,SKU-0002,WH-02,83,1446,62.52,False,24.5,
2022-01-16,SKU-0002,WH-03,113,2121,13.92,False,24.5,
2022-01-16,SKU-0003,WH-01,34,743,45.01,False,24.5,
2022-01-16,SKU-0003,WH-02,34,839,33.24,False,24.5,
2022-01-16,SKU-0003,WH-03,36,714,76.83,False,24.5,
2022-01-16,SKU-0004,WH-01,44,756,95.19,False,24.5,
2022-01-16,SKU-0004,WH-02,89,1349,25.64,False,24.5,
2022-01-16,SKU-0004,WH-03,123,3616,37.43,False,24.5,
2022-01-16,SKU-0005,WH-01,120,3189,24.7,False,24.5,
2022-01-16,SKU-0005,WH-02,112,1494,37.24,False,24.5,
2022-01-16,SKU-0005,WH-03,141,2748,14.43,False,24.5,
2022-01-17,SKU-0001,WH-01,40,446,32.23,False,25.1,
2022-01-17,SKU-0001,WH-02,64,1045,89.1,False,25.1,
2022-01-17,SKU-0001,WH-03,64,1751,13.63,False,25.1,
2022-01-17,SKU-0002,WH-01,78,998,58.96,False,25.1,
2022-01-17,SKU-0002,WH-02,86,2018,37.19,True,25.1,
2022-01-17,SKU-0002,WH-03,66,1806,19.64,False,25.1,
2022-01-17,SKU-0003,WH-01,19,425,86.18,False,25.1,
2022-01-17,SKU-0003,WH-02,24,344,73.65,False,25.1,
2022-01-17,SKU-0003,WH-03,23,533,50.84,False,25.1,
2022-01-17,SKU-0004,WH-01,64,1755,14.76,False,25.1,
2022-01-17,SKU-0004,WH-02,76,1374,63.04,False,25.1,
2022-01-17,SKU-0004,WH-03,88,2284,72.58,False,25.1,
2022-01-17,SKU-0005,WH-01,76,769,89.47,False,25.1,
2022-01-17,SKU-0005,WH-02,113,2008,38.56,False,25.1,
2022-01-17,SKU-0005,WH-03,84,963,28.72,False,25.1,
2022-01-18,SKU-0001,WH-01,57,1554,50.97,False,23.4,
2022-01-18,SKU-0001,WH-02,48,1037,45.74,False,23.4,
2022-01-18,SKU-0001,WH-03,62,1510,69.11,False,23.4,
2022-01-18,SKU-0002,WH-01,61,907,12.52,False,23.4,
2022-01-18,SKU-0002,WH-02,73,878,15.13,False,23.4,
2022-01-18,SKU-0002,WH-03,68,1772,29.84,False,23.4,
2022-01-18,SKU-0003,WH-01,23,355,43.78,False,23.4,
2022-01-18,SKU-0003,WH-02,21,286,22.12,False,23.4,
2022-01-18,SKU-0003,WH-03,26,393,75.0,False,23.4,
2022-01-18,SKU-0004,WH-01,79,859,54.72,False,23.4,
2022-01-18,SKU-0004,WH-02,64,1772,107.16,False,23.4,
2022-01-18,SKU-0004,WH-03,130,3484,25.0,False,23.4,
2022-01-18,SKU-0005,WH-01,67,1038,44.93,False,23.4,
2022-01-18,SKU-0005,WH-02,94,2113,44.89,False,23.4,
2022-01-18,SKU-0005,WH-03,85,2317,66.09,False,23.4,
2022-01-19,SKU-0001,WH-01,49,977,35.89,False,27.3,
2022-01-19,SKU-0001,WH-02,58,1077,18.52,False,27.3,
2022-01-19,SKU-0001,WH-03,53,1143,84.17,False,27.3,
2022-01-19,SKU-0002,WH-01,58,843,16.23,False,27.3,
2022-01-19,SKU-0002,WH-02,64,1664,14.6,False,27.3,
2022-01-19,SKU-0002,WH-03,81,1673,58.8,False,27.3,
2022-01-19,SKU-0003,WH-01,25,615,43.3,False,27.3,
2022-01-19,SKU-0003,WH-02,23,311,18.41,False,27.3,
2022-01-19,SKU-0003,WH-03,26,494,28.3,False,27.3,
2022-01-19,SKU-0004,WH-01,79,2255,41.62,False,27.3,
2022-01-19,SKU-0004,WH-02,68,1825,48.74,False,27.3,
2022-01-19,SKU-0004,WH-03,78,979,71.28,False,27.3,
2022-01-19,SKU-0005,WH-01,68,1170,77.9,False,27.3,
2022-01-19,SKU-0005,WH-02,66,1184,85.93,False,27.3,
2022-01-19,SKU-0005,WH-03,108,2153,67.31,False,27.3,
2022-01-20,SKU-0001,WH-01,63,1736,27.5,False,25.1,
2022-01-20,SKU-0001,WH-02,69,802,77.02,False,25.1,
2022-01-20,SKU-0001,WH-03,86,2538,22.96,False,25.1,
2022-01-20,SKU-0002,WH-01,70,1549,83.81,False,25.1,
2022-01-20,SKU-0002,WH-02,80,1034,19.24,False,25.1,
2022-01-20,SKU-0002,WH-03,84,2463,16.23,False,25.1,
2022-01-20,SKU-0003,WH-01,34,412,27.07,False,25.1,
2022-01-20,SKU-0003,WH-02,27,352,33.95,False,25.1,
2022-01-20,SKU-0003,WH-03,33,987,74.74,False,25.1,
2022-01-20,SKU-0004,WH-01,71,1693,68.1,False,25.1,
2022-01-20,SKU-0004,WH-02,104,2338,47.28,False,25.1,
2022-01-20,SKU-0004,WH-03,100,1736,41.74,False,25.1,
2022-01-20,SKU-0005,WH-01,84,859,91.9,False,25.1,
2022-01-20,SKU-0005,WH-02,95,1967,50.41,False,25.1,
2022-01-20,SKU-0005,WH-03,106,2222,9.99,False,25.1,
2022-01-21,SKU-0001,WH-01,34,608,76.06,False,22.9,
2022-01-21,SKU-0001,WH-02,53,1259,77.06,False,22.9,
2022-01-21,SKU-0001,WH-03,56,1274,36.34,False,22.9,
2022-01-21,SKU-0002,WH-01,70,793,98.9,False,22.9,
2022-01-21,SKU-0002,WH-02,62,1463,27.19,False,22.9,
2022-01-21,SKU-0002,WH-03,98,1120,20.67,True,22.9,
2022-01-21,SKU-0003,WH-01,32,510,97.86,True,22.9,
2022-01-21,SKU-0003,WH-02,20,270,90.07,False,22.9,
2022-01-21,SKU-0003,WH-03,26,271,73.15,False,22.9,
2022-01-21,SKU-0004,WH-01,69,1552,105.65,False,22.9,
2022-01-21,SKU-0004,WH-02,87,2218,26.35,False,22.9,
2022-01-21,SKU-0004,WH-03,89,2634,52.38,False,22.9,
2022-01-21,SKU-0005,WH-01,84,1943,68.21,False,22.9,
2022-01-21,SKU-0005,WH-02,71,1334,42.84,False,22.9,
2022-01-21,SKU-0005,WH-03,106,1479,76.22,False,22.9,
2022-01-22,SKU-0001,WH-01,68,1831,36.82,False,24.9,
2022-01-22,SKU-0001,WH-02,94,2523,31.89,False,24.9,
2022-01-22,SKU-0001,WH-03,103,2153,71.58,False,24.9,
2022-01-22,SKU-0002,WH-01,72,1898,98.14,False,24.9,
2022-01-22,SKU-0002,WH-02,95,1980,58.27,False,24.9,
2022-01-22,SKU-0002,WH-03,72,1712,58.91,False,24.9,
2022-01-22,SKU-0003,WH-01,38,731,63.08,False,24.9,
2022-01-22,SKU-0003,WH-02,48,1248,31.53,True,24.9,
2022-01-22,SKU-0003,WH-03,46,633,64.27,False,24.9,
2022-01-22,SKU-0004,WH-01,92,2320,79.46,False,24.9,
2022-01-22,SKU-0004,WH-02,149,1934,65.94,True,24.9,
2022-01-22,SKU-0004,WH-03,79,2190,104.25,False,24.9,
2022-01-22,SKU-0005,WH-01,82,825,52.84,False,24.9,
2022-01-22,SKU-0005,WH-02,164,3747,39.68,False,24.9,
2022-01-22,SKU-0005,WH-03,147,3244,73.78,False,24.9,
2022-01-23,SKU-0001,WH-01,72,1739,59.38,False,24.5,
2022-01-23,SKU-0001,WH-02,67,1110,52.88,False,24.5,
2022-01-23,SKU-0001,WH-03,94,2323,17.63,False,24.5,
2022-01-23,SKU-0002,WH-01,76,1727,81.15,False,24.5,
2022-01-23,SKU-0002,WH-02,92,1626,24.48,False,24.5,
2022-01-23,SKU-0002,WH-03,97,1619,60.99,False,24.5,
2022-01-23,SKU-0003,WH-01,52,1059,10.81,True,24.5,
2022-01-23,SKU-0003,WH-02,31,851,101.96,False,24.5,
2022-01-23,SKU-0003,WH-03,48,944,22.48,False,24.5,
2022-01-23,SKU-0004,WH-01,72,1349,19.65,False,24.5,
2022-01-23,SKU-0004,WH-02,77,978,92.88,False,24.5,
2022-01-23,SKU-0004,WH-03,130,1980,61.54,False,24.5,
2022-01-23,SKU-0005,WH-01,93,2342,89.7,False,24.5,
2022-01-23,SKU-0005,WH-02,122,1302,72.53,False,24.5,
2022-01-23,SKU-0005,WH-03,141,2569,84.74,False,24.5,
2022-01-24,SKU-0001,WH-01,52,1103,12.26,False,23.8,
2022-01-24,SKU-0001,WH-02,63,1551,12.41,False,23.8,
2022-01-24,SKU-0001,WH-03,82,1747,29.41,False,23.8,
2022-01-24,SKU-0002,WH-01,82,1007,81.74,False,23.8,
2022-01-24,SKU-0002,WH-02,62,1316,32.2,False,23.8,
2022-01-24,SKU-0002,WH-03,85,965,21.2,False,23.8,
2022-01-24,SKU-0003,WH-01,23,453,58.43,False,23.8,
2022-01-24,SKU-0003,WH-02,30,577,99.27,False,23.8,
2022-01-24,SKU-0003,WH-03,35,709,63.71,False,23.8,
2022-01-24,SKU-0004,WH-01,67,891,48.02,False,23.8,
2022-01-24,SKU-0004,WH-02,94,2590,66.81,False,23.8,
2022-01-24,SKU-0004,WH-03,70,2079,85.77,False,23.8,
2022-01-24,SKU-0005,WH-01,73,2057,12.37,False,23.8,
2022-01-24,SKU-0005,WH-02,77,2036,56.44,False,23.8,
2022-01-24,SKU-0005,WH-03,118,3051,65.19,False,23.8,
2022-01-25,SKU-0001,WH-01,41,981,97.32,False,28.6,
2022-01-25,SKU-0001,WH-02,55,753,38.96,False,28.6,
2022-01-25,SKU-0001,WH-03,68,1517,66.11,False,28.6,
2022-01-25,SKU-0002,WH-01,69,2025,79.02,False,28.6,
2022-01-25,SKU-0002,WH-02,74,986,112.49,False,28.6,
2022-01-25,SKU-0002,WH-03,85,2073,55.42,False,28.6,
2022-01-25,SKU-0003,WH-01,16,435,21.59,False,28.6,
2022-01-25,SKU-0003,WH-02,23,447,62.17,False,28.6,
2022-01-25,SKU-0003,WH-03,28,744,57.19,False,28.6,
2022-01-25,SKU-0004,WH-01,105,1261,19.9,False,28.6,
2022-01-25,SKU-0004,WH-02,63,1574,24.02,False,28.6,
2022-01-25,SKU-0004,WH-03,131,2545,52.51,False,28.6,
2022-01-25,SKU-0005,WH-01,89,1469,64.18,False,28.6,
2022-01-25,SKU-0005,WH-02,98,1425,14.98,False,28.6,
2022-01-25,SKU-0005,WH-03,126,2552,34.23,False,28.6,
2022-01-26,SKU-0001,WH-01,38,1093,14.32,False,28.5,
2022-01-26,SKU-0001,WH-02,63,958,83.96,False,28.5,
2022-01-26,SKU-0001,WH-03,77,1458,63.57,False,28.5,
2022-01-26,SKU-0002,WH-01,82,2422,68.73,False,28.5,
2022-01-26,SKU-0002,WH-02,75,2038,46.96,False,28.5,
2022-01-26,SKU-0002,WH-03,83,860,98.76,False,28.5,
2022-01-26,SKU-0003,WH-01,22,344,82.1,False,28.5,
2022-01-26,SKU-0003,WH-02,35,418,20.87,False,28.5,
2022-01-26,SKU-0003,WH-03,38,835,9.02,False,28.5,
2022-01-26,SKU-0004,WH-01,76,2116,40.51,False,28.5,
2022-01-26,SKU-0004,WH-02,62,663,18.36,False,28.5,
2022-01-26,SKU-0004,WH-03,103,1161,100.29,False,28.5,
2022-01-26,SKU-0005,WH-01,89,2366,65.6,False,28.5,
2022-01-26,SKU-0005,WH-02,117,1912,44.85,False,28.5,
2022-01-26,SKU-0005,WH-03,100,1887,86.7,False,28.5,
2022-01-27,SKU-0001,WH-01,37,655,36.86,False,29.2,
2022-01-27,SKU-0001,WH-02,60,1492,68.91,False,29.2,
2022-01-27,SKU-0001,WH-03,63,1086,70.77,False,29.2,
2022-01-27,SKU-0002,WH-01,61,1795,13.85,False,29.2,
2022-01-27,SKU-0002,WH-02,78,1218,49.69,False,29.2,
2022-01-27,SKU-0002,WH-03,83,2162,49.49,False,29.2,
2022-01-27,SKU-0003,WH-01,30,538,51.92,False,29.2,
2022-01-27,SKU-0003,WH-02,28,564,64.35,False,29.2,
2022-01-27,SKU-0003,WH-03,34,608,50.09,False,29.2,
2022-01-27,SKU-0004,WH-01,81,1795,43.92,False,29.2,
2022-01-27,SKU-0004,WH-02,73,1732,88.42,False,29.2,
2022-01-27,SKU-0004,WH-03,65,807,41.81,False,29.2,
2022-01-27,SKU-0005,WH-01,94,2197,72.02,False,29.2,
2022-01-27,SKU-0005,WH-02,90,2045,41.86,False,29.2,
2022-01-27,SKU-0005,WH-03,110,1365,65.25,False,29.2,
2022-01-28,SKU-0001,WH-01,60,1183,48.2,False,28.2,
2022-01-28,SKU-0001,WH-02,50,843,14.16,False,28.2,
2022-01-28,SKU-0001,WH-03,73,1358,71.94,False,28.2,
2022-01-28,SKU-0002,WH-01,54,1022,38.26,False,28.2,
2022-01-28,SKU-0002,WH-02,71,1537,68.73,False,28.2,
2022-01-28,SKU-0002,WH-03,88,1539,70.71,False,28.2,
2022-01-28,SKU-0003,WH-01,28,294,44.05,False,28.2,
2022-01-28,SKU-0003,WH-02,30,546,63.54,False,28.2,
2022-01-28,SKU-0003,WH-03,47,675,59.39,False,28.2,
2022-01-28,SKU-0004,WH-01,85,1676,46.74,False,28.2,
2022-01-28,SKU-0004,WH-02,125,1347,54.92,True,28.2,
2022-01-28,SKU-0004,WH-03,172,2715,43.76,True,28.2,
2022-01-28,SKU-0005,WH-01,87,2416,20.26,False,28.2,
2022-01-28,SKU-0005,WH-02,98,1736,83.5,False,28.2,
2022-01-28,SKU-0005,WH-03,85,1771,59.8,False,28.2,
2022-01-29,SKU-0001,WH-01,50,1466,37.43,False,26.7,
2022-01-29,SKU-0001,WH-02,73,1378,37.69,False,26.7,
2022-01-29,SKU-0001,WH-03,92,1968,55.29,False,26.7,
2022-01-29,SKU-0002,WH-01,74,1444,30.65,False,26.7,
2022-01-29,SKU-0002,WH-02,96,2630,30.17,False,26.7,
2022-01-29,SKU-0002,WH-03,97,1505,95.5,False,26.7,
2022-01-29,SKU-0003,WH-01,36,1066,91.7,False,26.7,
2022-01-29,SKU-0003,WH-02,32,503,77.43,False,26.7,
2022-01-29,SKU-0003,WH-03,39,774,88.48,False,26.7,
2022-01-29,SKU-0004,WH-01,125,3319,66.63,False,26.7,
2022-01-29,SKU-0004,WH-02,114,3176,63.38,False,26.7,
2022-01-29,SKU-0004,WH-03,130,2929,87.68,False,26.7,
2022-01-29,SKU-0005,WH-01,169,4133,8.27,False,26.7,
2022-01-29,SKU-0005,WH-02,103,2687,21.57,False,26.7,
2022-01-29,SKU-0005,WH-03,137,1409,24.97,False,26.7,
2022-01-30,SKU-0001,WH-01,63,1599,79.87,False,29.1,
2022-01-30,SKU-0001,WH-02,88,1036,81.73,False,29.1,
2022-01-30,SKU-0001,WH-03,83,940,14.2,False,29.1,
2022-01-30,SKU-0002,WH-01,98,1131,16.2,False,29.1,
2022-01-30,SKU-0002,WH-02,95,1089,80.05,False,29.1,
2022-01-30,SKU-0002,WH-03,96,2503,33.76,False,29.1,
2022-01-30,SKU-0003,WH-01,40,781,45.17,False,29.1,
2022-01-30,SKU-0003,WH-02,40,686,68.05,False,29.1,
2022-01-30,SKU-0003,WH-03,51,968,21.08,False,29.1,
2022-01-30,SKU-0004,WH-01,84,1246,67.62,False,29.1,
2022-01-30,SKU-0004,WH-02,118,2408,86.02,False,29.1,
2022-01-30,SKU-0004,WH-03,86,1349,79.58,False,29.1,
2022-01-30,SKU-0005,WH-01,114,1770,62.49,False,29.1,
2022-01-30,SKU-0005,WH-02,98,1600,16.93,False,29.1,
2022-01-30,SKU-0005,WH-03,121,1968,45.51,False,29.1,
2022-01-31,SKU-0001,WH-01,49,870,48.11,False,27.3,
2022-01-31,SKU-0001,WH-02,53,1554,87.88,False,27.3,
2022-01-31,SKU-0001,WH-03,50,605,107.38,False,27.3,
2022-01-31,SKU-0002,WH-01,60,1748,75.17,False,27.3,
2022-01-31,SKU-0002,WH-02,58,1008,46.74,False,27.3,
2022-01-31,SKU-0002,WH-03,78,2063,14.4,False,27.3,
2022-01-31,SKU-0003,WH-01,22,607,33.3,False,27.3,
2022-01-31,SKU-0003,WH-02,18,229,85.94,False,27.3,
2022-01-31,SKU-0003,WH-03,36,644,82.73,False,27.3,
2022-01-31,SKU-0004,WH-01,82,1423,24.11,False,27.3,
2022-01-31,SKU-0004,WH-02,53,1416,21.24,False,27.3,
2022-01-31,SKU-0004,WH-03,128,2542,44.64,True,27.3,
2022-01-31,SKU-0005,WH-01,89,1716,52.04,False,27.3,
2022-01-31,SKU-0005,WH-02,76,1936,56.8,False,27.3,
2022-01-31,SKU-0005,WH-03,94,1439,63.26,False,27.3,
2022-02-01,SKU-0001,WH-01,224,3905,62.38,False,28.2,SpecialEvent
2022-02-01,SKU-0001,WH-02,275,7409,37.59,True,28.2,SpecialEvent
2022-02-01,SKU-0001,WH-03,324,6208,96.96,True,28.2,SpecialEvent
2022-02-01,SKU-0002,WH-01,150,3742,36.88,False,28.2,SpecialEvent
2022-02-01,SKU-0002,WH-02,209,2406,16.02,False,28.2,SpecialEvent
2022-02-01,SKU-0002,WH-03,242,5432,29.15,False,28.2,SpecialEvent
2022-02-01,SKU-0003,WH-01,75,1704,64.07,False,28.2,SpecialEvent
2022-02-01,SKU-0003,WH-02,80,2268,64.94,False,28.2,SpecialEvent
2022-02-01,SKU-0003,WH-03,109,1226,54.03,False,28.2,SpecialEvent
2022-02-01,SKU-0004,WH-01,319,4047,9.81,False,28.2,SpecialEvent
2022-02-01,SKU-0004,WH-02,178,4199,57.69,False,28.2,SpecialEvent
2022-02-01,SKU-0004,WH-03,336,7033,34.1,False,28.2,SpecialEvent
2022-02-01,SKU-0005,WH-01,211,2993,13.67,False,28.2,SpecialEvent
2022-02-01,SKU-0005,WH-02,467,13642,82.24,True,28.2,SpecialEvent
2022-02-01,SKU-0005,WH-03,335,5089,96.09,False,28.2,SpecialEvent
2022-02-02,SKU-0001,WH-01,61,1718,99.85,False,26.6,
2022-02-02,SKU-0001,WH-02,71,1785,90.81,False,26.6,
2022-02-02,SKU-0001,WH-03,61,1392,53.02,False,26.6,
2022-02-02,SKU-0002,WH-01,77,1538,26.69,False,26.6,
2022-02-02,SKU-0002,WH-02,115,1676,11.2,True,26.6,
2022-02-02,SKU-0002,WH-03,95,2335,29.36,False,26.6,
2022-02-02,SKU-0003,WH-01,29,674,46.39,False,26.6,
2022-02-02,SKU-0003,WH-02,36,1075,34.25,False,26.6,
2022-02-02,SKU-0003,WH-03,43,1079,77.07,True,26.6,
2022-02-02,SKU-0004,WH-01,64,1648,80.26,False,26.6,
2022-02-02,SKU-0004,WH-02,81,1199,66.89,False,26.6,
2022-02-02,SKU-0004,WH-03,108,1557,81.11,False,26.6,
2022-02-02,SKU-0005,WH-01,141,2207,11.98,True,26.6,
2022-02-02,SKU-0005,WH-02,122,2481,61.17,False,26.6,
2022-02-02,SKU-0005,WH-03,132,3819,29.88,False,26.6,
2022-02-03,SKU-0001,WH-01,29,409,77.34,False,27.7,
2022-02-03,SKU-0001,WH-02,53,750,29.12,False,27.7,
2022-02-03,SKU-0001,WH-03,80,1455,16.23,False,27.7,
2022-02-03,SKU-0002,WH-01,51,1297,95.76,False,27.7,
2022-02-03,SKU-0002,WH-02,83,1299,23.9,False,27.7,
2022-02-03,SKU-0002,WH-03,75,750,13.85,False,27.7,
2022-02-03,SKU-0003,WH-01,26,418,52.85,False,27.7,
2022-02-03,SKU-0003,WH-02,23,571,10.82,False,27.7,
2022-02-03,SKU-0003,WH-03,32,776,42.93,False,27.7,
2022-02-03,SKU-0004,WH-01,62,1620,28.41,False,27.7,
2022-02-03,SKU-0004,WH-02,46,1068,89.25,False,27.7,
2022-02-03,SKU-0004,WH-03,110,2817,54.1,False,27.7,
2022-02-03,SKU-0005,WH-01,107,2599,80.5,False,27.7,
2022-02-03,SKU-0005,WH-02,119,2069,23.06,False,27.7,
2022-02-03,SKU-0005,WH-03,115,2212,93.62,False,27.7,
2022-02-04,SKU-0001,WH-01,47,795,37.87,False,30.7,
2022-02-04,SKU-0001,WH-02,63,1546,103.36,False,30.7,
2022-02-04,SKU-0001,WH-03,42,557,102.66,False,30.7,
2022-02-04,SKU-0002,WH-01,64,1714,75.53,False,30.7,
2022-02-04,SKU-0002,WH-02,109,1602,72.81,True,30.7,
2022-02-04,SKU-0002,WH-03,87,960,87.34,False,30.7,
2022-02-04,SKU-0003,WH-01,27,702,75.03,False,30.7,
2022-02-04,SKU-0003,WH-02,28,442,46.92,False,30.7,
2022-02-04,SKU-0003,WH-03,35,787,64.46,False,30.7,
2022-02-04,SKU-0004,WH-01,61,1280,91.51,False,30.7,
2022-02-04,SKU-0004,WH-02,92,1535,38.15,False,30.7,
2022-02-04,SKU-0004,WH-03,103,2442,39.38,False,30.7,
2022-02-04,SKU-0005,WH-01,104,2375,12.52,False,30.7,
2022-02-04,SKU-0005,WH-02,90,2252,65.88,False,30.7,
2022-02-04,SKU-0005,WH-03,109,3227,30.36,False,30.7,
2022-02-05,SKU-0001,WH-01,56,1349,30.1,False,25.4,
2022-02-05,SKU-0001,WH-02,89,1255,35.02,False,25.4,
2022-02-05,SKU-0001,WH-03,68,1997,37.41,False,25.4,
2022-02-05,SKU-0002,WH-01,87,1912,16.0,False,25.4,
2022-02-05,SKU-0002,WH-02,101,2242,76.5,False,25.4,
2022-02-05,SKU-0002,WH-03,106,3067,37.9,False,25.4,
2022-02-05,SKU-0003,WH-01,39,848,23.42,False,25.4,
2022-02-05,SKU-0003,WH-02,41,888,69.58,False,25.4,
2022-02-05,SKU-0003,WH-03,50,1340,49.97,False,25.4,
2022-02-05,SKU-0004,WH-01,93,1102,70.36,False,25.4,
2022-02-05,SKU-0004,WH-02,120,2243,77.49,False,25.4,
2022-02-05,SKU-0004,WH-03,107,2435,12.71,False,25.4,
2022-02-05,SKU-0005,WH-01,119,1223,76.93,False,25.4,
2022-02-05,SKU-0005,WH-02,114,1283,26.61,False,25.4,
2022-02-05,SKU-0005,WH-03,144,1674,88.21,False,25.4,
2022-02-06,SKU-0001,WH-01,57,1273,98.2,False,29.7,
2022-02-06,SKU-0001,WH-02,72,1254,77.99,False,29.7,
2022-02-06,SKU-0001,WH-03,71,1233,62.84,False,29.7,
2022-02-06,SKU-0002,WH-01,83,1876,71.98,False,29.7,
2022-02-06,SKU-0002,WH-02,65,1494,84.17,False,29.7,
2022-02-06,SKU-0002,WH-03,114,2152,12.55,False,29.7,
2022-02-06,SKU-0003,WH-01,45,892,40.28,True,29.7,
2022-02-06,SKU-0003,WH-02,38,878,19.49,False,29.7,
2022-02-06,SKU-0003,WH-03,42,1161,27.87,False,29.7,
2022-02-06,SKU-0004,WH-01,105,1701,64.22,False,29.7,
2022-02-06,SKU-0004,WH-02,77,1315,52.9,False,29.7,
2022-02-06,SKU-0004,WH-03,119,3458,85.35,False,29.7,
2022-02-06,SKU-0005,WH-01,127,3496,40.83,False,29.7,
2022-02-06,SKU-0005,WH-02,127,1762,45.39,False,29.7,
2022-02-06,SKU-0005,WH-03,116,2896,92.1,False,29.7,
2022-02-07,SKU-0001,WH-01,72,1719,22.02,False,29.5,
2022-02-07,SKU-0001,WH-02,65,1319,22.59,False,29.5,
2022-02-07,SKU-0001,WH-03,82,1401,17.03,False,29.5,
2022-02-07,SKU-0002,WH-01,61,909,37.3,False,29.5,
2022-02-07,SKU-0002,WH-02,69,2015,41.86,False,29.5,
2022-02-07,SKU-0002,WH-03,67,1395,50.58,False,29.5,
2022-02-07,SKU-0003,WH-01,23,420,73.2,False,29.5,
2022-02-07,SKU-0003,WH-02,35,774,60.05,False,29.5,
2022-02-07,SKU-0003,WH-03,30,424,42.1,False,29.5,
2022-02-07,SKU-0004,WH-01,57,1048,90.96,False,29.5,
2022-02-07,SKU-0004,WH-02,107,2270,80.98,True,29.5,
2022-02-07,SKU-0004,WH-03,112,2993,74.0,False,29.5,
2022-02-07,SKU-0005,WH-01,97,2506,67.98,False,29.5,
2022-02-07,SKU-0005,WH-02,100,1776,24.39,False,29.5,
2022-02-07,SKU-0005,WH-03,127,2646,88.65,False,29.5,
2022-02-08,SKU-0001,WH-01,61,1827,41.34,False,29.7,
2022-02-08,SKU-0001,WH-02,49,855,44.14,False,29.7,
2022-02-08,SKU-0001,WH-03,109,2522,38.11,False,29.7,
2022-02-08,SKU-0002,WH-01,76,1496,10.45,False,29.7,
2022-02-08,SKU-0002,WH-02,124,1405,73.03,True,29.7,
2022-02-08,SKU-0002,WH-03,85,2215,72.0,False,29.7,
2022-02-08,SKU-0003,WH-01,31,770,24.41,False,29.7,
2022-02-08,SKU-0003,WH-02,28,789,31.75,False,29.7,
2022-02-08,SKU-0003,WH-03,39,841,66.7,False,29.7,
2022-02-08,SKU-0004,WH-01,90,1388,24.83,False,29.7,
2022-02-08,SKU-0004,WH-02,74,1369,37.41,False,29.7,
2022-02-08,SKU-0004,WH-03,88,2326,51.81,False,29.7,
2022-02-08,SKU-0005,WH-01,90,1375,94.07,False,29.7,
2022-02-08,SKU-0005,WH-02,85,1175,59.88,False,29.7,
2022-02-08,SKU-0005,WH-03,90,2092,27.03,False,29.7,
2022-02-09,SKU-0001,WH-01,82,1529,71.03,False,30.8,
2022-02-09,SKU-0001,WH-02,72,776,34.53,True,30.8,
2022-02-09,SKU-0001,WH-03,66,1975,41.69,False,30.8,
2022-02-09,SKU-0002,WH-01,51,579,90.08,False,30.8,
2022-02-09,SKU-0002,WH-02,60,1568,111.5,False,30.8,
2022-02-09,SKU-0002,WH-03,88,919,89.64,False,30.8,
2022-02-09,SKU-0003,WH-01,38,877,65.94,False,30.8,
2022-02-09,SKU-0003,WH-02,36,909,12.0,False,30.8,
2022-02-09,SKU-0003,WH-03,63,1417,94.48,True,30.8,
2022-02-09,SKU-0004,WH-01,73,1835,63.73,False,30.8,
2022-02-09,SKU-0004,WH-02,89,1952,63.69,False,30.8,
2022-02-09,SKU-0004,WH-03,60,854,97.06,False,30.8,
2022-02-09,SKU-0005,WH-01,88,2139,109.3,False,30.8,
2022-02-09,SKU-0005,WH-02,77,1813,17.69,False,30.8,
2022-02-09,SKU-0005,WH-03,89,2120,94.77,False,30.8,
2022-02-10,SKU-0001,WH-01,44,1061,73.07,False,27.1,
2022-02-10,SKU-0001,WH-02,60,623,72.72,False,27.1,
2022-02-10,SKU-0001,WH-03,82,2137,67.09,False,27.1,
2022-02-10,SKU-0002,WH-01,41,536,61.14,False,27.1,
2022-02-10,SKU-0002,WH-02,78,1705,33.9,False,27.1,
2022-02-10,SKU-0002,WH-03,81,947,15.8,False,27.1,
2022-02-10,SKU-0003,WH-01,32,455,85.25,False,27.1,
2022-02-10,SKU-0003,WH-02,32,503,96.92,False,27.1,
2022-02-10,SKU-0003,WH-03,42,811,91.73,False,27.1,
2022-02-10,SKU-0004,WH-01,68,2006,15.73,False,27.1,
2022-02-10,SKU-0004,WH-02,75,1066,85.03,False,27.1,
2022-02-10,SKU-0004,WH-03,89,1188,51.29,False,27.1,
2022-02-10,SKU-0005,WH-01,67,1740,94.8,False,27.1,
2022-02-10,SKU-0005,WH-02,92,1392,35.23,False,27.1,
2022-02-10,SKU-0005,WH-03,107,1803,68.17,False,27.1,
2022-02-11,SKU-0001,WH-01,74,1574,14.1,False,30.6,
2022-02-11,SKU-0001,WH-02,92,1185,22.75,False,30.6,
2022-02-11,SKU-0001,WH-03,84,1612,31.7,False,30.6,
2022-02-11,SKU-0002,WH-01,63,1208,83.03,False,30.6,
2022-02-11,SKU-0002,WH-02,76,2071,68.65,False,30.6,
2022-02-11,SKU-0002,WH-03,99,1376,56.79,False,30.6,
2022-02-11,SKU-0003,WH-01,32,856,51.23,False,30.6,
2022-02-11,SKU-0003,WH-02,33,630,72.49,False,30.6,
2022-02-11,SKU-0003,WH-03,29,626,21.9,False,30.6,
2022-02-11,SKU-0004,WH-01,55,959,70.04,False,30.6,
2022-02-11,SKU-0004,WH-02,101,1573,19.78,False,30.6,
2022-02-11,SKU-0004,WH-03,114,3254,25.0,False,30.6,
2022-02-11,SKU-0005,WH-01,78,2024,59.26,False,30.6,
2022-02-11,SKU-0005,WH-02,92,2385,19.94,False,30.6,
2022-02-11,SKU-0005,WH-03,105,2886,65.73,False,30.6,
2022-02-12,SKU-0001,WH-01,75,1277,80.43,False,30.7,
2022-02-12,SKU-0001,WH-02,86,1270,47.39,False,30.7,
2022-02-12,SKU-0001,WH-03,135,1767,48.65,False,30.7,
2022-02-12,SKU-0002,WH-01,84,2230,47.7,False,30.7,
2022-02-12,SKU-0002,WH-02,81,1637,14.51,False,30.7,
2022-02-12,SKU-0002,WH-03,130,1431,81.75,False,30.7,
2022-02-12,SKU-0003,WH-01,39,515,83.01,True,30.7,
2022-02-12,SKU-0003,WH-02,59,1308,49.31,True,30.7,
2022-02-12,SKU-0003,WH-03,55,981,26.46,False,30.7,
2022-02-12,SKU-0004,WH-01,93,2190,20.26,False,30.7,
2022-02-12,SKU-0004,WH-02,85,883,100.72,False,30.7,
2022-02-12,SKU-0004,WH-03,112,1893,56.27,False,30.7,
2022-02-12,SKU-0005,WH-01,178,2725,103.73,True,30.7,
2022-02-12,SKU-0005,WH-02,141,4081,72.46,False,30.7,
2022-02-12,SKU-0005,WH-03,128,3746,73.03,False,30.7,
2022-02-13,SKU-0001,WH-01,222,2570,65.56,False,28.3,SpecialEvent
2022-02-13,SKU-0001,WH-02,215,6173,36.83,False,28.3,SpecialEvent
2022-02-13,SKU-0001,WH-03,359,10541,38.76,False,28.3,SpecialEvent
2022-02-13,SKU-0002,WH-01,207,4810,54.11,False,28.3,SpecialEvent
2022-02-13,SKU-0002,WH-02,285,7509,84.58,False,28.3,SpecialEvent
2022-02-13,SKU-0002,WH-03,454,8194,13.58,False,28.3,SpecialEvent
2022-02-13,SKU-0003,WH-01,131,3121,88.15,False,28.3,SpecialEvent
2022-02-13,SKU-0003,WH-02,114,2120,25.72,False,28.3,SpecialEvent
2022-02-13,SKU-0003,WH-03,180,2837,21.27,False,28.3,SpecialEvent
2022-02-13,SKU-0004,WH-01,458,6086,31.93,False,28.3,SpecialEvent
2022-02-13,SKU-0004,WH-02,369,9100,57.56,False,28.3,SpecialEvent
2022-02-13,SKU-0004,WH-03,421,9742,96.32,False,28.3,SpecialEvent
2022-02-13,SKU-0005,WH-01,365,4413,48.1,False,28.3,SpecialEvent
2022-02-13,SKU-0005,WH-02,373,3972,59.61,False,28.3,SpecialEvent
2022-02-13,SKU-0005,WH-03,533,15332,47.81,False,28.3,SpecialEvent
2022-02-14,SKU-0001,WH-01,60,1150,15.19,False,30.4,
2022-02-14,SKU-0001,WH-02,76,1306,63.29,False,30.4,
2022-02-14,SKU-0001,WH-03,63,1087,70.89,False,30.4,
2022-02-14,SKU-0002,WH-01,55,1475,38.24,False,30.4,
2022-02-14,SKU-0002,WH-02,96,1698,31.75,False,30.4,
2022-02-14,SKU-0002,WH-03,87,1795,39.02,False,30.4,
2022-02-14,SKU-0003,WH-01,36,833,55.18,True,30.4,
2022-02-14,SKU-0003,WH-02,32,587,58.7,False,30.4,
2022-02-14,SKU-0003,WH-03,38,438,66.26,False,30.4,
2022-02-14,SKU-0004,WH-01,82,2156,62.46,False,30.4,
2022-02-14,SKU-0004,WH-02,80,1368,42.14,False,30.4,
2022-02-14,SKU-0004,WH-03,90,1611,68.78,False,30.4,
2022-02-14,SKU-0005,WH-01,73,2014,24.61,False,30.4,
2022-02-14,SKU-0005,WH-02,126,3674,29.92,False,30.4,
2022-02-14,SKU-0005,WH-03,136,2457,89.92,False,30.4,
2022-02-15,SKU-0001,WH-01,46,1219,82.51,False,33.5,
2022-02-15,SKU-0001,WH-02,60,1118,95.16,False,33.5,
2022-02-15,SKU-0001,WH-03,67,1319,98.4,False,33.5,
2022-02-15,SKU-0002,WH-01,87,938,30.9,False,33.5,
2022-02-15,SKU-0002,WH-02,61,1032,12.17,False,33.5,
2022-02-15,SKU-0002,WH-03,96,2464,81.42,False,33.5,
2022-02-15,SKU-0003,WH-01,29,673,99.86,False,33.5,
2022-02-15,SKU-0003,WH-02,41,662,18.14,False,33.5,
2022-02-15,SKU-0003,WH-03,37,679,45.99,False,33.5,
2022-02-15,SKU-0004,WH-01,69,828,89.05,False,33.5,
2022-02-15,SKU-0004,WH-02,152,2231,61.68,True,33.5,
2022-02-15,SKU-0004,WH-03,125,3566,89.33,True,33.5,
2022-02-15,SKU-0005,WH-01,83,1482,14.68,False,33.5,
2022-02-15,SKU-0005,WH-02,148,3222,61.94,True,33.5,
2022-02-15,SKU-0005,WH-03,133,3217,80.71,False,33.5,
2022-02-16,SKU-0001,WH-01,67,1750,15.69,False,30.4,
2022-02-16,SKU-0001,WH-02,70,1172,29.53,False,30.4,
2022-02-16,SKU-0001,WH-03,97,1070,15.95,False,30.4,
2022-02-16,SKU-0002,WH-01,62,1277,45.93,False,30.4,
2022-02-16,SKU-0002,WH-02,92,1203,51.45,False,30.4,
2022-02-16,SKU-0002,WH-03,69,1628,36.57,False,30.4,
2022-02-16,SKU-0003,WH-01,45,624,10.82,False,30.4,
2022-02-16,SKU-0003,WH-02,31,565,30.52,False,30.4,
2022-02-16,SKU-0003,WH-03,45,1192,65.21,False,30.4,
2022-02-16,SKU-0004,WH-01,58,1359,26.41,False,30.4,
2022-02-16,SKU-0004,WH-02,73,1574,19.61,False,30.4,
2022-02-16,SKU-0004,WH-03,107,1950,40.07,False,30.4,
2022-02-16,SKU-0005,WH-01,111,1557,37.27,False,30.4,
2022-02-16,SKU-0005,WH-02,101,2585,73.53,False,30.4,
2022-02-16,SKU-0005,WH-03,171,2575,94.35,True,30.4,
2022-02-17,SKU-0001,WH-01,76,1788,20.37,False,29.6,
2022-02-17,SKU-0001,WH-02,80,1486,69.01,False,29.6,
2022-02-17,SKU-0001,WH-03,61,895,84.94,False,29.6,
2022-02-17,SKU-0002,WH-01,59,1592,79.43,False,29.6,
2022-02-17,SKU-0002,WH-02,80,2286,73.9,True,29.6,
2022-02-17,SKU-0002,WH-03,121,2537,46.32,False,29.6,
2022-02-17,SKU-0003,WH-01,30,330,37.44,False,29.6,
2022-02-17,SKU-0003,WH-02,48,547,62.0,False,29.6,
2022-02-17,SKU-0003,WH-03,35,635,68.11,False,29.6,
2022-02-17,SKU-0004,WH-01,53,1270,76.03,False,29.6,
2022-02-17,SKU-0004,WH-02,81,2342,90.91,False,29.6,
2022-02-17,SKU-0004,WH-03,96,2231,9.21,False,29.6,
2022-02-17,SKU-0005,WH-01,68,1437,70.8,False,29.6,
2022-02-17,SKU-0005,WH-02,107,1291,22.62,False,29.6,
2022-02-17,SKU-0005,WH-03,122,1220,72.75,False,29.6,
2022-02-18,SKU-0001,WH-01,114,1334,54.18,True,28.6,
2022-02-18,SKU-0001,WH-02,35,518,56.42,False,28.6,
2022-02-18,SKU-0001,WH-03,65,1341,44.11,False,28.6,
2022-02-18,SKU-0002,WH-01,83,1373,102.34,False,28.6,
2022-02-18,SKU-0002,WH-02,89,1451,47.81,False,28.6,
2022-02-18,SKU-0002,WH-03,84,2005,74.56,False,28.6,
2022-02-18,SKU-0003,WH-01,34,837,69.83,False,28.6,
2022-02-18,SKU-0003,WH-02,39,1053,29.7,False,28.6,
2022-02-18,SKU-0003,WH-03,60,1250,19.14,False,28.6,
2022-02-18,SKU-0004,WH-01,86,1796,14.16,False,28.6,
2022-02-18,SKU-0004,WH-02,122,1836,61.31,False,28.6,
2022-02-18,SKU-0004,WH-03,119,2058,65.1,False,28.6,
2022-02-18,SKU-0005,WH-01,96,2028,54.94,False,28.6,
2022-02-18,SKU-0005,WH-02,90,2116,83.55,False,28.6,
2022-02-18,SKU-0005,WH-03,69,1980,87.66,False,28.6,
2022-02-19,SKU-0001,WH-01,89,1000,62.06,False,29.0,
2022-02-19,SKU-0001,WH-02,73,2187,58.08,False,29.0,
2022-02-19,SKU-0001,WH-03,112,3099,38.04,False,29.0,
2022-02-19,SKU-0002,WH-01,124,2848,41.67,False,29.0,
2022-02-19,SKU-0002,WH-02,107,3113,84.67,False,29.0,
2022-02-19,SKU-0002,WH-03,133,2398,60.65,False,29.0,
2022-02-19,SKU-0003,WH-01,43,1062,19.02,False,29.0,
2022-02-19,SKU-0003,WH-02,39,1070,18.58,False,29.0,
2022-02-19,SKU-0003,WH-03,60,695,41.85,False,29.0,
2022-02-19,SKU-0004,WH-01,108,1390,77.26,False,29.0,
2022-02-19,SKU-0004,WH-02,124,3570,45.25,False,29.0,
2022-02-19,SKU-0004,WH-03,78,2073,77.06,False,29.0,
2022-02-19,SKU-0005,WH-01,101,1091,36.89,False,29.0,
2022-02-19,SKU-0005,WH-02,126,2954,60.32,False,29.0,
2022-02-19,SKU-0005,WH-03,175,2213,77.98,False,29.0,
2022-02-20,SKU-0001,WH-01,66,946,73.73,False,29.0,
2022-02-20,SKU-0001,WH-02,88,1915,15.51,False,29.0,
2022-02-20,SKU-0001,WH-03,119,2693,85.41,False,29.0,
2022-02-20,SKU-0002,WH-01,98,2041,65.23,False,29.0,
2022-02-20,SKU-0002,WH-02,118,1616,29.55,False,29.0,
2022-02-20,SKU-0002,WH-03,103,1497,76.85,False,29.0,
2022-02-20,SKU-0003,WH-01,27,370,19.94,False,29.0,
2022-02-20,SKU-0003,WH-02,44,890,43.86,False,29.0,
2022-02-20,SKU-0003,WH-03,52,1046,41.96,False,29.0,
2022-02-20,SKU-0004,WH-01,122,3362,16.71,False,29.0,
2022-02-20,SKU-0004,WH-02,103,1124,114.67,False,29.0,
2022-02-20,SKU-0004,WH-03,106,1420,90.91,False,29.0,
2022-02-20,SKU-0005,WH-01,92,1579,20.63,False,29.0,
2022-02-20,SKU-0005,WH-02,148,1707,72.44,False,29.0,
2022-02-20,SKU-0005,WH-03,214,4236,55.53,True,29.0,
2022-02-21,SKU-0001,WH-01,103,2531,40.63,True,35.2,
2022-02-21,SKU-0001,WH-02,71,964,43.9,False,35.2,
2022-02-21,SKU-0001,WH-03,133,3784,61.01,False,35.2,
2022-02-21,SKU-0002,WH-01,60,1791,39.42,False,35.2,
2022-02-21,SKU-0002,WH-02,87,1565,84.29,False,35.2,
2022-02-21,SKU-0002,WH-03,79,1318,102.94,False,35.2,
2022-02-21,SKU-0003,WH-01,28,730,53.54,False,35.2,
2022-02-21,SKU-0003,WH-02,40,733,14.14,False,35.2,
2022-02-21,SKU-0003,WH-03,39,495,46.97,False,35.2,
2022-02-21,SKU-0004,WH-01,69,1614,42.98,False,35.2,
2022-02-21,SKU-0004,WH-02,52,1119,53.1,False,35.2,
2022-02-21,SKU-0004,WH-03,83,1179,63.45,False,35.2,
2022-02-21,SKU-0005,WH-01,77,1638,13.75,False,35.2,
2022-02-21,SKU-0005,WH-02,95,2347,82.53,False,35.2,
2022-02-21,SKU-0005,WH-03,108,1985,51.79,False,35.2,
2022-02-22,SKU-0001,WH-01,111,1163,55.32,True,28.2,
2022-02-22,SKU-0001,WH-02,78,923,86.13,False,28.2,
2022-02-22,SKU-0001,WH-03,103,2877,51.81,False,28.2,
2022-02-22,SKU-0002,WH-01,86,2392,9.01,False,28.2,
2022-02-22,SKU-0002,WH-02,89,2515,91.82,False,28.2,
2022-02-22,SKU-0002,WH-03,81,1210,25.12,False,28.2,
2022-02-22,SKU-0003,WH-01,26,580,56.13,False,28.2,
2022-02-22,SKU-0003,WH-02,28,400,21.24,False,28.2,
2022-02-22,SKU-0003,WH-03,54,1403,40.07,False,28.2,
2022-02-22,SKU-0004,WH-01,86,2000,13.21,False,28.2,
2022-02-22,SKU-0004,WH-02,113,1241,79.97,False,28.2,
2022-02-22,SKU-0004,WH-03,89,1136,87.46,False,28.2,
2022-02-22,SKU-0005,WH-01,81,2038,51.05,False,28.2,
2022-02-22,SKU-0005,WH-02,76,2244,41.03,False,28.2,
2022-02-22,SKU-0005,WH-03,137,3468,90.2,False,28.2,
2022-02-23,SKU-0001,WH-01,55,1352,47.15,False,30.6,
2022-02-23,SKU-0001,WH-02,90,1669,22.95,False,30.6,
2022-02-23,SKU-0001,WH-03,69,1061,73.21,False,30.6,
2022-02-23,SKU-0002,WH-01,81,2027,78.61,False,30.6,
2022-02-23,SKU-0002,WH-02,71,799,73.16,False,30.6,
2022-02-23,SKU-0002,WH-03,79,2068,18.2,False,30.6,
2022-02-23,SKU-0003,WH-01,36,857,35.12,False,30.6,
2022-02-23,SKU-0003,WH-02,24,550,71.48,False,30.6,
2022-02-23,SKU-0003,WH-03,32,871,22.85,False,30.6,
2022-02-23,SKU-0004,WH-01,52,1302,107.13,False,30.6,
2022-02-23,SKU-0004,WH-02,70,884,102.89,False,30.6,
2022-02-23,SKU-0004,WH-03,127,3488,68.0,False,30.6,
2022-02-23,SKU-0005,WH-01,120,3238,14.53,False,30.6,
2022-02-23,SKU-0005,WH-02,119,1640,25.59,False,30.6,
2022-02-23,SKU-0005,WH-03,166,4411,51.18,False,30.6,
2022-02-24,SKU-0001,WH-01,54,1490,72.61,False,31.0,
2022-02-24,SKU-0001,WH-02,68,744,22.97,False,31.0,
2022-02-24,SKU-0001,WH-03,67,1003,69.54,False,31.0,
2022-02-24,SKU-0002,WH-01,63,805,39.77,False,31.0,
2022-02-24,SKU-0002,WH-02,106,1817,66.96,True,31.0,
2022-02-24,SKU-0002,WH-03,102,2051,58.11,False,31.0,
2022-02-24,SKU-0003,WH-01,33,723,22.1,False,31.0,
2022-02-24,SKU-0003,WH-02,33,871,45.3,False,31.0,
2022-02-24,SKU-0003,WH-03,28,701,50.49,False,31.0,
2022-02-24,SKU-0004,WH-01,91,1538,37.77,False,31.0,
2022-02-24,SKU-0004,WH-02,68,680,28.04,False,31.0,
2022-02-24,SKU-0004,WH-03,92,1141,82.44,False,31.0,
2022-02-24,SKU-0005,WH-01,88,1090,79.08,False,31.0,
2022-02-24,SKU-0005,WH-02,117,2852,44.46,False,31.0,
2022-02-24,SKU-0005,WH-03,127,3308,11.26,False,31.0,
2022-02-25,SKU-0001,WH-01,57,1557,78.86,False,31.4,
2022-02-25,SKU-0001,WH-02,104,2045,82.24,True,31.4,
2022-02-25,SKU-0001,WH-03,61,1820,79.85,False,31.4,
2022-02-25,SKU-0002,WH-01,92,933,16.93,False,31.4,
2022-02-25,SKU-0002,WH-02,94,2496,29.49,False,31.4,
2022-02-25,SKU-0002,WH-03,126,1432,34.76,True,31.4,
2022-02-25,SKU-0003,WH-01,26,456,56.05,False,31.4,
2022-02-25,SKU-0003,WH-02,42,510,72.49,False,31.4,
2022-02-25,SKU-0003,WH-03,38,624,13.79,False,31.4,
2022-02-25,SKU-0004,WH-01,64,799,83.03,False,31.4,
2022-02-25,SKU-0004,WH-02,73,1525,96.3,False,31.4,
2022-02-25,SKU-0004,WH-03,84,1124,101.62,False,31.4,
2022-02-25,SKU-0005,WH-01,84,2410,12.95,False,31.4,
2022-02-25,SKU-0005,WH-02,106,1662,82.39,False,31.4,
2022-02-25,SKU-0005,WH-03,73,963,48.03,False,31.4,
2022-02-26,SKU-0001,WH-01,107,1403,74.34,False,31.4,
2022-02-26,SKU-0001,WH-02,64,691,20.19,False,31.4,
2022-02-26,SKU-0001,WH-03,130,1412,78.79,False,31.4,
2022-02-26,SKU-0002,WH-01,86,2548,47.17,False,31.4,
2022-02-26,SKU-0002,WH-02,119,1647,81.92,False,31.4,
2022-02-26,SKU-0002,WH-03,152,1730,80.49,False,31.4,
2022-02-26,SKU-0003,WH-01,31,402,40.07,False,31.4,
2022-02-26,SKU-0003,WH-02,33,460,94.29,False,31.4,
2022-02-26,SKU-0003,WH-03,64,1531,35.84,False,31.4,
2022-02-26,SKU-0004,WH-01,75,1951,98.25,False,31.4,
2022-02-26,SKU-0004,WH-02,127,3007,17.04,False,31.4,
2022-02-26,SKU-0004,WH-03,159,3529,77.88,True,31.4,
2022-02-26,SKU-0005,WH-01,113,3188,44.13,False,31.4,
2022-02-26,SKU-0005,WH-02,192,5476,52.13,True,31.4,
2022-02-26,SKU-0005,WH-03,176,3684,89.86,False,31.4,
2022-02-27,SKU-0001,WH-01,86,2436,55.38,False,31.0,
2022-02-27,SKU-0001,WH-02,122,3543,40.27,False,31.0,
2022-02-27,SKU-0001,WH-03,84,1221,62.24,False,31.0,
2022-02-27,SKU-0002,WH-01,92,2689,75.63,False,31.0,
2022-02-27,SKU-0002,WH-02,94,2010,57.79,False,31.0,
2022-02-27,SKU-0002,WH-03,89,2400,76.42,False,31.0,
2022-02-27,SKU-0003,WH-01,45,1117,82.75,False,31.0,
2022-02-27,SKU-0003,WH-02,48,866,81.27,False,31.0,
2022-02-27,SKU-0003,WH-03,68,1543,46.78,False,31.0,
2022-02-27,SKU-0004,WH-01,127,2011,66.48,False,31.0,
2022-02-27,SKU-0004,WH-02,77,2153,48.71,False,31.0,
2022-02-27,SKU-0004,WH-03,102,1272,71.1,False,31.0,
2022-02-27,SKU-0005,WH-01,95,2544,10.84,False,31.0,
2022-02-27,SKU-0005,WH-02,156,3842,25.38,False,31.0,
2022-02-27,SKU-0005,WH-03,195,4479,79.59,False,31.0,
2022-02-28,SKU-0001,WH-01,84,1411,42.93,False,34.8,
2022-02-28,SKU-0001,WH-02,80,1091,17.78,False,34.8,
2022-02-28,SKU-0001,WH-03,83,1885,25.96,False,34.8,
2022-02-28,SKU-0002,WH-01,63,1335,34.4,False,34.8,
2022-02-28,SKU-0002,WH-02,88,2146,68.35,False,34.8,
2022-02-28,SKU-0002,WH-03,83,1333,57.0,False,34.8,
2022-02-28,SKU-0003,WH-01,26,457,63.01,False,34.8,
2022-02-28,SKU-0003,WH-02,36,909,100.66,False,34.8,
2022-02-28,SKU-0003,WH-03,46,1014,27.8,False,34.8,
2022-02-28,SKU-0004,WH-01,63,879,66.26,False,34.8,
2022-02-28,SKU-0004,WH-02,110,2548,21.16,False,34.8,
2022-02-28,SKU-0004,WH-03,78,2235,32.02,False,34.8,
2022-02-28,SKU-0005,WH-01,105,1127,59.36,False,34.8,
2022-02-28,SKU-0005,WH-02,136,2679,36.81,False,34.8,
2022-02-28,SKU-0005,WH-03,157,2313,101.04,False,34.8,
2022-03-01,SKU-0001,WH-01,67,1347,15.54,False,33.6,
2022-03-01,SKU-0001,WH-02,85,912,14.04,False,33.6,
2022-03-01,SKU-0001,WH-03,70,1067,95.09,False,33.6,
2022-03-01,SKU-0002,WH-01,49,1049,16.54,False,33.6,
2022-03-01,SKU-0002,WH-02,71,851,37.34,False,33.6,
2022-03-01,SKU-0002,WH-03,92,1445,112.46,False,33.6,
2022-03-01,SKU-0003,WH-01,26,407,59.28,False,33.6,
2022-03-01,SKU-0003,WH-02,32,904,93.01,False,33.6,
2022-03-01,SKU-0003,WH-03,36,973,54.62,False,33.6,
2022-03-01,SKU-0004,WH-01,85,1875,55.74,False,33.6,
2022-03-01,SKU-0004,WH-02,93,1165,72.37,False,33.6,
2022-03-01,SKU-0004,WH-03,82,1884,86.57,False,33.6,
2022-03-01,SKU-0005,WH-01,86,1207,63.5,False,33.6,
2022-03-01,SKU-0005,WH-02,129,1765,69.11,False,33.6,
2022-03-01,SKU-0005,WH-03,91,983,55.64,False,33.6,
2022-03-02,SKU-0001,WH-01,66,1675,28.52,False,30.7,
2022-03-02,SKU-0001,WH-02,92,2549,58.69,False,30.7,
2022-03-02,SKU-0001,WH-03,84,2234,57.14,False,30.7,
2022-03-02,SKU-0002,WH-01,58,1668,101.35,False,30.7,
2022-03-02,SKU-0002,WH-02,83,2373,45.56,False,30.7,
2022-03-02,SKU-0002,WH-03,85,1508,88.12,False,30.7,
2022-03-02,SKU-0003,WH-01,38,710,37.67,False,30.7,
2022-03-02,SKU-0003,WH-02,44,787,24.96,False,30.7,
2022-03-02,SKU-0003,WH-03,39,436,46.12,False,30.7,
2022-03-02,SKU-0004,WH-01,65,1170,56.64,False,30.7,
2022-03-02,SKU-0004,WH-02,124,2280,56.0,False,30.7,
2022-03-02,SKU-0004,WH-03,81,1931,51.66,False,30.7,
2022-03-02,SKU-0005,WH-01,97,1786,13.46,False,30.7,
2022-03-02,SKU-0005,WH-02,113,2933,91.5,False,30.7,
2022-03-02,SKU-0005,WH-03,68,1995,59.5,False,30.7,
2022-03-03,SKU-0001,WH-01,74,1554,80.95,False,32.1,
2022-03-03,SKU-0001,WH-02,64,1354,93.68,False,32.1,
2022-03-03,SKU-0001,WH-03,106,2055,79.32,False,32.1,
2022-03-03,SKU-0002,WH-01,72,1149,36.33,False,32.1,
2022-03-03,SKU-0002,WH-02,77,1282,49.31,False,32.1,
2022-03-03,SKU-0002,WH-03,96,1304,40.83,False,32.1,
2022-03-03,SKU-0003,WH-01,42,575,46.43,False,32.1,
2022-03-03,SKU-0003,WH-02,59,1142,11.39,True,32.1,
2022-03-03,SKU-0003,WH-03,48,994,47.78,False,32.1,
2022-03-03,SKU-0004,WH-01,51,1455,49.97,False,32.1,
2022-03-03,SKU-0004,WH-02,102,2976,46.09,False,32.1,
2022-03-03,SKU-0004,WH-03,97,1756,56.06,False,32.1,
2022-03-03,SKU-0005,WH-01,102,1335,13.76,False,32.1,
2022-03-03,SKU-0005,WH-02,91,1068,51.15,False,32.1,
2022-03-03,SKU-0005,WH-03,128,2741,95.44,False,32.1,
2022-03-04,SKU-0001,WH-01,79,2363,50.62,False,32.6,
2022-03-04,SKU-0001,WH-02,42,562,63.72,False,32.6,
2022-03-04,SKU-0001,WH-03,105,1527,94.13,False,32.6,
2022-03-04,SKU-0002,WH-01,77,1711,72.25,False,32.6,
2022-03-04,SKU-0002,WH-02,75,1270,79.56,False,32.6,
2022-03-04,SKU-0002,WH-03,120,2584,71.27,False,32.6,
2022-03-04,SKU-0003,WH-01,29,583,82.25,False,32.6,
2022-03-04,SKU-0003,WH-02,40,756,10.04,False,32.6,
2022-03-04,SKU-0003,WH-03,36,780,74.89,False,32.6,
2022-03-04,SKU-0004,WH-01,76,1360,44.35,False,32.6,
2022-03-04,SKU-0004,WH-02,86,2400,29.12,False,32.6,
2022-03-04,SKU-0004,WH-03,122,2898,43.69,False,32.6,
2022-03-04,SKU-0005,WH-01,83,1354,61.06,False,32.6,
2022-03-04,SKU-0005,WH-02,102,3009,34.12,False,32.6,
2022-03-04,SKU-0005,WH-03,133,1973,45.19,False,32.6,
2022-03-05,SKU-0001,WH-01,78,880,66.35,False,33.5,
2022-03-05,SKU-0001,WH-02,85,902,80.46,False,33.5,
2022-03-05,SKU-0001,WH-03,112,3255,49.15,False,33.5,
2022-03-05,SKU-0002,WH-01,68,1421,31.29,False,33.5,
2022-03-05,SKU-0002,WH-02,98,1786,33.39,False,33.5,
2022-03-05,SKU-0002,WH-03,99,2923,25.7,False,33.5,
2022-03-05,SKU-0003,WH-01,42,845,72.69,False,33.5,
2022-03-05,SKU-0003,WH-02,56,1330,83.68,False,33.5,
2022-03-05,SKU-0003,WH-03,55,1313,12.82,False,33.5,
2022-03-05,SKU-0004,WH-01,127,2404,35.14,False,33.5,
2022-03-05,SKU-0004,WH-02,117,3311,80.21,False,33.5,
2022-03-05,SKU-0004,WH-03,173,3372,64.76,False,33.5,
2022-03-05,SKU-0005,WH-01,140,3169,63.2,False,33.5,
2022-03-05,SKU-0005,WH-02,104,1685,14.54,False,33.5,
2022-03-05,SKU-0005,WH-03,147,2834,48.98,False,33.5,
2022-03-06,SKU-0001,WH-01,81,1853,85.35,False,32.3,
2022-03-06,SKU-0001,WH-02,85,1749,63.72,False,32.3,
2022-03-06,SKU-0001,WH-03,122,1934,81.67,True,32.3,
2022-03-06,SKU-0002,WH-01,116,1539,20.24,False,32.3,
2022-03-06,SKU-0002,WH-02,101,1954,24.59,False,32.3,
2022-03-06,SKU-0002,WH-03,114,2567,75.68,False,32.3,
2022-03-06,SKU-0003,WH-01,40,708,20.47,False,32.3,
2022-03-06,SKU-0003,WH-02,54,662,60.93,False,32.3,
2022-03-06,SKU-0003,WH-03,39,1168,37.61,False,32.3,
2022-03-06,SKU-0004,WH-01,98,2619,39.41,False,32.3,
2022-03-06,SKU-0004,WH-02,116,1458,107.03,False,32.3,
2022-03-06,SKU-0004,WH-03,102,1101,111.43,False,32.3,
2022-03-06,SKU-0005,WH-01,111,1232,91.52,False,32.3,
2022-03-06,SKU-0005,WH-02,122,1980,61.86,False,32.3,
2022-03-06,SKU-0005,WH-03,148,2894,16.92,False,32.3,
2022-03-07,SKU-0001,WH-01,88,1436,62.7,False,34.1,
2022-03-07,SKU-0001,WH-02,69,1890,69.7,False,34.1,
2022-03-07,SKU-0001,WH-03,94,2201,46.37,False,34.1,
2022-03-07,SKU-0002,WH-01,65,1790,35.78,False,34.1,
2022-03-07,SKU-0002,WH-02,96,1617,58.29,False,34.1,
2022-03-07,SKU-0002,WH-03,110,1510,19.1,False,34.1,
2022-03-07,SKU-0003,WH-01,30,804,26.91,False,34.1,
2022-03-07,SKU-0003,WH-02,49,810,16.24,True,34.1,
2022-03-07,SKU-0003,WH-03,46,994,68.43,False,34.1,
2022-03-07,SKU-0004,WH-01,71,889,66.67,False,34.1,
2022-03-07,SKU-0004,WH-02,108,1308,62.73,False,34.1,
2022-03-07,SKU-0004,WH-03,87,2094,70.13,False,34.1,
2022-03-07,SKU-0005,WH-01,98,1541,16.02,False,34.1,
2022-03-07,SKU-0005,WH-02,118,2861,33.7,False,34.1,
2022-03-07,SKU-0005,WH-03,113,1608,33.88,False,34.1,
2022-03-08,SKU-0001,WH-01,45,591,26.96,False,33.7,
2022-03-08,SKU-0001,WH-02,61,1157,67.72,False,33.7,
2022-03-08,SKU-0001,WH-03,64,1094,109.18,False,33.7,
2022-03-08,SKU-0002,WH-01,77,2150,29.3,False,33.7,
2022-03-08,SKU-0002,WH-02,78,2255,71.71,False,33.7,
2022-03-08,SKU-0002,WH-03,82,973,38.96,False,33.7,
2022-03-08,SKU-0003,WH-01,44,564,17.6,False,33.7,
2022-03-08,SKU-0003,WH-02,35,809,65.5,False,33.7,
2022-03-08,SKU-0003,WH-03,43,659,78.56,False,33.7,
2022-03-08,SKU-0004,WH-01,96,2558,58.48,True,33.7,
2022-03-08,SKU-0004,WH-02,87,2575,27.06,False,33.7,
2022-03-08,SKU-0004,WH-03,91,1105,80.42,False,33.7,
2022-03-08,SKU-0005,WH-01,123,2288,86.06,False,33.7,
2022-03-08,SKU-0005,WH-02,121,1822,32.75,False,33.7,
2022-03-08,SKU-0005,WH-03,120,2931,36.11,False,33.7,
2022-03-09,SKU-0001,WH-01,45,581,14.35,False,35.3,
2022-03-09,SKU-0001,WH-02,108,2367,27.82,False,35.3,
2022-03-09,SKU-0001,WH-03,95,2507,11.24,False,35.3,
2022-03-09,SKU-0002,WH-01,57,1671,31.5,False,35.3,
2022-03-09,SKU-0002,WH-02,87,2571,53.08,False,35.3,
2022-03-09,SKU-0002,WH-03,92,1420,23.26,False,35.3,
2022-03-09,SKU-0003,WH-01,31,918,42.93,False,35.3,
2022-03-09,SKU-0003,WH-02,44,502,44.77,False,35.3,
2022-03-09,SKU-0003,WH-03,39,777,22.35,False,35.3,
2022-03-09,SKU-0004,WH-01,77,1038,55.25,False,35.3,
2022-03-09,SKU-0004,WH-02,81,1676,66.03,False,35.3,
2022-03-09,SKU-0004,WH-03,124,3215,51.25,False,35.3,
2022-03-09,SKU-0005,WH-01,66,1492,105.33,False,35.3,
2022-03-09,SKU-0005,WH-02,115,1636,22.19,False,35.3,
2022-03-09,SKU-0005,WH-03,132,3854,33.94,False,35.3,
2022-03-10,SKU-0001,WH-01,50,1018,25.33,False,33.4,
2022-03-10,SKU-0001,WH-02,76,1873,58.97,True,33.4,
2022-03-10,SKU-0001,WH-03,55,810,97.54,False,33.4,
2022-03-10,SKU-0002,WH-01,56,1531,88.21,False,33.4,
2022-03-10,SKU-0002,WH-02,66,1487,47.61,False,33.4,
2022-03-10,SKU-0002,WH-03,65,1386,99.02,False,33.4,
2022-03-10,SKU-0003,WH-01,56,1217,58.83,False,33.4,
2022-03-10,SKU-0003,WH-02,29,821,26.24,False,33.4,
2022-03-10,SKU-0003,WH-03,57,1189,93.51,False,33.4,
2022-03-10,SKU-0004,WH-01,76,1439,46.26,False,33.4,
2022-03-10,SKU-0004,WH-02,93,2653,27.45,False,33.4,
2022-03-10,SKU-0004,WH-03,102,3029,42.18,False,33.4,
2022-03-10,SKU-0005,WH-01,83,2433,35.81,False,33.4,
2022-03-10,SKU-0005,WH-02,117,2988,69.71,False,33.4,
2022-03-10,SKU-0005,WH-03,106,3155,59.02,False,33.4,
2022-03-11,SKU-0001,WH-01,67,1047,66.8,False,32.4,
2022-03-11,SKU-0001,WH-02,80,1342,30.83,False,32.4,
2022-03-11,SKU-0001,WH-03,141,1860,69.13,True,32.4,
2022-03-11,SKU-0002,WH-01,69,1116,66.29,False,32.4,
2022-03-11,SKU-0002,WH-02,99,2865,76.12,False,32.4,
2022-03-11,SKU-0002,WH-03,87,2450,87.06,False,32.4,
2022-03-11,SKU-0003,WH-01,34,477,98.91,False,32.4,
2022-03-11,SKU-0003,WH-02,36,396,87.22,False,32.4,
2022-03-11,SKU-0003,WH-03,38,393,69.32,False,32.4,
2022-03-11,SKU-0004,WH-01,73,1702,15.03,False,32.4,
2022-03-11,SKU-0004,WH-02,149,2977,8.92,False,32.4,
2022-03-11,SKU-0004,WH-03,77,1517,83.0,False,32.4,
2022-03-11,SKU-0005,WH-01,94,2093,69.26,False,32.4,
2022-03-11,SKU-0005,WH-02,112,2524,88.97,False,32.4,
2022-03-11,SKU-0005,WH-03,150,3760,56.81,False,32.4,
2022-03-12,SKU-0001,WH-01,74,931,57.27,False,38.1,
2022-03-12,SKU-0001,WH-02,80,2062,18.4,False,38.1,
2022-03-12,SKU-0001,WH-03,107,2940,76.18,False,38.1,
2022-03-12,SKU-0002,WH-01,88,1632,79.49,False,38.1,
2022-03-12,SKU-0002,WH-02,98,1972,74.85,False,38.1,
2022-03-12,SKU-0002,WH-03,131,2714,96.76,False,38.1,
2022-03-12,SKU-0003,WH-01,22,436,86.51,False,38.1,
2022-03-12,SKU-0003,WH-02,39,774,77.93,False,38.1,
2022-03-12,SKU-0003,WH-03,60,1001,28.37,False,38.1,
2022-03-12,SKU-0004,WH-01,81,1084,36.08,False,38.1,
2022-03-12,SKU-0004,WH-02,108,2255,38.63,False,38.1,
2022-03-12,SKU-0004,WH-03,143,2509,41.52,False,38.1,
2022-03-12,SKU-0005,WH-01,157,2217,31.73,False,38.1,
2022-03-12,SKU-0005,WH-02,170,2852,11.6,False,38.1,
2022-03-12,SKU-0005,WH-03,154,4233,27.25,False,38.1,
2022-03-13,SKU-0001,WH-01,73,850,38.62,False,35.0,
2022-03-13,SKU-0001,WH-02,104,2960,94.34,False,35.0,
2022-03-13,SKU-0001,WH-03,119,3544,37.73,False,35.0,
2022-03-13,SKU-0002,WH-01,102,2060,74.63,False,35.0,
2022-03-13,SKU-0002,WH-02,87,2186,21.64,False,35.0,
2022-03-13,SKU-0002,WH-03,114,2593,18.14,False,35.0,
2022-03-13,SKU-0003,WH-01,46,1266,47.75,False,35.0,
2022-03-13,SKU-0003,WH-02,85,1913,18.53,False,35.0,
2022-03-13,SKU-0003,WH-03,59,664,58.22,False,35.0,
2022-03-13,SKU-0004,WH-01,104,1323,14.05,False,35.0,
2022-03-13,SKU-0004,WH-02,115,2006,21.43,False,35.0,
2022-03-13,SKU-0004,WH-03,126,1401,55.04,False,35.0,
2022-03-13,SKU-0005,WH-01,134,3582,13.97,False,35.0,
2022-03-13,SKU-0005,WH-02,154,2149,50.28,False,35.0,
2022-03-13,SKU-0005,WH-03,156,4587,61.42,False,35.0,
2022-03-14,SKU-0001,WH-01,69,1577,23.57,False,35.4,
2022-03-14,SKU-0001,WH-02,73,1085,86.83,False,35.4,
2022-03-14,SKU-0001,WH-03,85,1534,30.21,False,35.4,
2022-03-14,SKU-0002,WH-01,67,1209,65.63,False,35.4,
2022-03-14,SKU-0002,WH-02,85,1446,48.02,False,35.4,
2022-03-14,SKU-0002,WH-03,94,1642,74.33,False,35.4,
2022-03-14,SKU-0003,WH-01,33,572,73.53,False,35.4,
2022-03-14,SKU-0003,WH-02,32,690,70.55,False,35.4,
2022-03-14,SKU-0003,WH-03,34,913,67.8,False,35.4,
2022-03-14,SKU-0004,WH-01,117,2941,60.81,False,35.4,
2022-03-14,SKU-0004,WH-02,92,1078,25.77,False,35.4,
2022-03-14,SKU-0004,WH-03,102,2284,27.92,False,35.4,
2022-03-14,SKU-0005,WH-01,106,2865,66.58,False,35.4,
2022-03-14,SKU-0005,WH-02,108,3200,95.04,False,35.4,
2022-03-14,SKU-0005,WH-03,88,2514,41.86,False,35.4,
2022-03-15,SKU-0001,WH-01,91,1574,55.22,False,36.9,
2022-03-15,SKU-0001,WH-02,89,2247,28.21,False,36.9,
2022-03-15,SKU-0001,WH-03,79,1473,31.71,False,36.9,
2022-03-15,SKU-0002,WH-01,65,1887,49.08,False,36.9,
2022-03-15,SKU-0002,WH-02,94,1097,85.25,False,36.9,
2022-03-15,SKU-0002,WH-03,116,2286,36.92,False,36.9,
2022-03-15,SKU-0003,WH-01,36,624,35.21,False,36.9,
2022-03-15,SKU-0003,WH-02,24,562,86.02,False,36.9,
2022-03-15,SKU-0003,WH-03,44,948,35.48,False,36.9,
2022-03-15,SKU-0004,WH-01,106,2217,12.88,False,36.9,
2022-03-15,SKU-0004,WH-02,63,696,15.81,False,36.9,
2022-03-15,SKU-0004,WH-03,199,2958,79.85,True,36.9,
2022-03-15,SKU-0005,WH-01,78,1227,24.71,False,36.9,
2022-03-15,SKU-0005,WH-02,106,1946,75.21,False,36.9,
2022-03-15,SKU-0005,WH-03,127,3073,34.83,False,36.9,
2022-03-16,SKU-0001,WH-01,213,4082,93.07,False,33.3,SpecialEvent
2022-03-16,SKU-0001,WH-02,215,3183,74.12,False,33.3,SpecialEvent
2022-03-16,SKU-0001,WH-03,210,2790,47.24,False,33.3,SpecialEvent
2022-03-16,SKU-0002,WH-01,171,4909,93.59,False,33.3,SpecialEvent
2022-03-16,SKU-0002,WH-02,233,4800,32.46,False,33.3,SpecialEvent
2022-03-16,SKU-0002,WH-03,528,11165,35.1,True,33.3,SpecialEvent
2022-03-16,SKU-0003,WH-01,96,1754,32.76,False,33.3,SpecialEvent
2022-03-16,SKU-0003,WH-02,76,1430,73.37,False,33.3,SpecialEvent
2022-03-16,SKU-0003,WH-03,124,3406,71.42,False,33.3,SpecialEvent
2022-03-16,SKU-0004,WH-01,189,3826,92.55,False,33.3,SpecialEvent
2022-03-16,SKU-0004,WH-02,350,6272,12.7,False,33.3,SpecialEvent
2022-03-16,SKU-0004,WH-03,356,8985,46.35,False,33.3,SpecialEvent
2022-03-16,SKU-0005,WH-01,266,4055,96.93,False,33.3,SpecialEvent
2022-03-16,SKU-0005,WH-02,349,8526,23.99,False,33.3,SpecialEvent
2022-03-16,SKU-0005,WH-03,499,10600,75.45,False,33.3,SpecialEvent
2022-03-17,SKU-0001,WH-01,89,927,17.65,False,34.7,
2022-03-17,SKU-0001,WH-02,92,2703,14.16,False,34.7,
2022-03-17,SKU-0001,WH-03,78,2335,17.62,False,34.7,
2022-03-17,SKU-0002,WH-01,103,1115,33.42,False,34.7,
2022-03-17,SKU-0002,WH-02,82,1260,34.93,False,34.7,
2022-03-17,SKU-0002,WH-03,100,2868,13.83,False,34.7,
2022-03-17,SKU-0003,WH-01,37,1087,72.56,False,34.7,
2022-03-17,SKU-0003,WH-02,42,864,83.62,False,34.7,
2022-03-17,SKU-0003,WH-03,30,306,78.14,False,34.7,
2022-03-17,SKU-0004,WH-01,89,1645,53.49,False,34.7,
2022-03-17,SKU-0004,WH-02,73,1048,59.61,False,34.7,
2022-03-17,SKU-0004,WH-03,104,1501,21.2,False,34.7,
2022-03-17,SKU-0005,WH-01,86,877,27.96,False,34.7,
2022-03-17,SKU-0005,WH-02,107,2899,83.92,False,34.7,
2022-03-17,SKU-0005,WH-03,126,3274,15.48,False,34.7,
2022-03-18,SKU-0001,WH-01,70,997,93.84,False,35.7,
2022-03-18,SKU-0001,WH-02,95,2004,25.32,False,35.7,
2022-03-18,SKU-0001,WH-03,104,2888,89.55,False,35.7,
2022-03-18,SKU-0002,WH-01,87,2553,57.02,False,35.7,
2022-03-18,SKU-0002,WH-02,86,1725,51.65,False,35.7,
2022-03-18,SKU-0002,WH-03,103,2236,45.62,False,35.7,
2022-03-18,SKU-0003,WH-01,55,608,62.21,True,35.7,
2022-03-18,SKU-0003,WH-02,28,383,109.44,False,35.7,
2022-03-18,SKU-0003,WH-03,58,1230,21.24,False,35.7,
2022-03-18,SKU-0004,WH-01,91,1053,43.04,False,35.7,
2022-03-18,SKU-0004,WH-02,94,1449,17.04,False,35.7,
2022-03-18,SKU-0004,WH-03,92,2151,62.59,False,35.7,
2022-03-18,SKU-0005,WH-01,93,1491,53.48,False,35.7,
2022-03-18,SKU-0005,WH-02,84,1037,99.4,False,35.7,
2022-03-18,SKU-0005,WH-03,132,2894,101.46,False,35.7,
2022-03-19,SKU-0001,WH-01,85,1374,61.23,False,39.5,
2022-03-19,SKU-0001,WH-02,90,1259,81.06,False,39.5,
2022-03-19,SKU-0001,WH-03,130,2357,51.99,False,39.5,
2022-03-19,SKU-0002,WH-01,107,2799,56.16,False,39.5,
2022-03-19,SKU-0002,WH-02,140,1788,55.62,False,39.5,
2022-03-19,SKU-0002,WH-03,158,4446,49.22,False,39.5,
2022-03-19,SKU-0003,WH-01,35,906,20.48,False,39.5,
2022-03-19,SKU-0003,WH-02,40,1119,85.1,False,39.5,
2022-03-19,SKU-0003,WH-03,65,882,68.84,False,39.5,
2022-03-19,SKU-0004,WH-01,98,1245,43.72,False,39.5,
2022-03-19,SKU-0004,WH-02,131,3266,49.36,False,39.5,
2022-03-19,SKU-0004,WH-03,95,1239,87.41,False,39.5,
2022-03-19,SKU-0005,WH-01,147,1656,38.62,False,39.5,
2022-03-19,SKU-0005,WH-02,168,3546,75.63,False,39.5,
2022-03-19,SKU-0005,WH-03,145,2347,72.54,False,39.5,
2022-03-20,SKU-0001,WH-01,128,3336,64.24,False,35.9,
2022-03-20,SKU-0001,WH-02,93,2434,68.4,False,35.9,
2022-03-20,SKU-0001,WH-03,86,1381,69.78,False,35.9,
2022-03-20,SKU-0002,WH-01,90,2091,95.26,False,35.9,
2022-03-20,SKU-0002,WH-02,113,2992,20.3,False,35.9,
2022-03-20,SKU-0002,WH-03,128,1871,42.72,False,35.9,
2022-03-20,SKU-0003,WH-01,63,743,72.73,False,35.9,
2022-03-20,SKU-0003,WH-02,43,1233,15.48,False,35.9,
2022-03-20,SKU-0003,WH-03,63,635,23.95,False,35.9,
2022-03-20,SKU-0004,WH-01,121,2365,95.34,False,35.9,
2022-03-20,SKU-0004,WH-02,84,1777,72.62,False,35.9,
2022-03-20,SKU-0004,WH-03,151,4528,16.54,False,35.9,
2022-03-20,SKU-0005,WH-01,112,1759,39.45,False,35.9,
2022-03-20,SKU-0005,WH-02,134,1642,88.76,False,35.9,
2022-03-20,SKU-0005,WH-03,146,2299,72.43,False,35.9,
2022-03-21,SKU-0001,WH-01,67,1316,97.46,False,32.3,
2022-03-21,SKU-0001,WH-02,76,2187,40.79,False,32.3,
2022-03-21,SKU-0001,WH-03,77,1237,97.59,False,32.3,
2022-03-21,SKU-0002,WH-01,81,2368,31.56,False,32.3,
2022-03-21,SKU-0002,WH-02,86,1050,17.53,False,32.3,
2022-03-21,SKU-0002,WH-03,82,2033,58.85,False,32.3,
2022-03-21,SKU-0003,WH-01,27,298,44.32,False,32.3,
2022-03-21,SKU-0003,WH-02,62,912,72.65,True,32.3,
2022-03-21,SKU-0003,WH-03,56,1143,85.98,False,32.3,
2022-03-21,SKU-0004,WH-01,68,948,102.82,False,32.3,
2022-03-21,SKU-0004,WH-02,78,919,75.71,False,32.3,
2022-03-21,SKU-0004,WH-03,63,831,105.19,False,32.3,
2022-03-21,SKU-0005,WH-01,81,1537,89.05,False,32.3,
2022-03-21,SKU-0005,WH-02,109,1132,16.63,False,32.3,
2022-03-21,SKU-0005,WH-03,115,2608,69.55,False,32.3,
2022-03-22,SKU-0001,WH-01,82,2391,41.67,False,34.9,
2022-03-22,SKU-0001,WH-02,69,1871,15.27,False,34.9,
2022-03-22,SKU-0001,WH-03,83,1271,30.5,False,34.9,
2022-03-22,SKU-0002,WH-01,74,2136,26.61,False,34.9,
2022-03-22,SKU-0002,WH-02,79,1596,22.96,False,34.9,
2022-03-22,SKU-0002,WH-03,94,1864,87.46,False,34.9,
2022-03-22,SKU-0003,WH-01,25,350,88.02,False,34.9,
2022-03-22,SKU-0003,WH-02,65,1757,65.04,True,34.9,
2022-03-22,SKU-0003,WH-03,41,552,44.54,False,34.9,
2022-03-22,SKU-0004,WH-01,74,2123,83.2,False,34.9,
2022-03-22,SKU-0004,WH-02,127,1370,34.04,True,34.9,
2022-03-22,SKU-0004,WH-03,97,1592,76.22,False,34.9,
2022-03-22,SKU-0005,WH-01,62,1570,55.22,False,34.9,
2022-03-22,SKU-0005,WH-02,114,2674,36.88,False,34.9,
2022-03-22,SKU-0005,WH-03,167,2434,62.49,True,34.9,
2022-03-23,SKU-0001,WH-01,114,1156,57.38,True,35.6,
2022-03-23,SKU-0001,WH-02,63,1515,50.69,False,35.6,
2022-03-23,SKU-0001,WH-03,82,1873,60.88,False,35.6,
2022-03-23,SKU-0002,WH-01,89,2066,20.5,False,35.6,
2022-03-23,SKU-0002,WH-02,88,1607,26.16,False,35.6,
2022-03-23,SKU-0002,WH-03,97,2466,52.71,False,35.6,
2022-03-23,SKU-0003,WH-01,48,1282,29.49,True,35.6,
2022-03-23,SKU-0003,WH-02,26,342,33.37,False,35.6,
2022-03-23,SKU-0003,WH-03,62,723,87.73,True,35.6,
2022-03-23,SKU-0004,WH-01,76,1285,66.14,False,35.6,
2022-03-23,SKU-0004,WH-02,77,1951,14.09,False,35.6,
2022-03-23,SKU-0004,WH-03,102,1531,40.64,False,35.6,
2022-03-23,SKU-0005,WH-01,78,2130,35.24,False,35.6,
2022-03-23,SKU-0005,WH-02,87,1828,19.27,False,35.6,
2022-03-23,SKU-0005,WH-03,143,2841,100.81,False,35.6,
2022-03-24,SKU-0001,WH-01,77,1674,70.83,False,34.8,
2022-03-24,SKU-0001,WH-02,88,1826,71.37,False,34.8,
2022-03-24,SKU-0001,WH-03,135,1757,67.09,False,34.8,
2022-03-24,SKU-0002,WH-01,81,2233,39.22,False,34.8,
2022-03-24,SKU-0002,WH-02,65,806,80.09,False,34.8,
2022-03-24,SKU-0002,WH-03,115,2707,22.17,False,34.8,
2022-03-24,SKU-0003,WH-01,30,599,23.3,False,34.8,
2022-03-24,SKU-0003,WH-02,32,719,26.71,False,34.8,
2022-03-24,SKU-0003,WH-03,55,1251,44.5,False,34.8,
2022-03-24,SKU-0004,WH-01,113,2108,66.7,False,34.8,
2022-03-24,SKU-0004,WH-02,76,890,63.38,False,34.8,
2022-03-24,SKU-0004,WH-03,78,1336,101.92,False,34.8,
2022-03-24,SKU-0005,WH-01,75,850,88.46,False,34.8,
2022-03-24,SKU-0005,WH-02,148,3612,34.23,True,34.8,
2022-03-24,SKU-0005,WH-03,116,3267,51.26,False,34.8,
2022-03-25,SKU-0001,WH-01,66,822,78.53,False,32.1,
2022-03-25,SKU-0001,WH-02,51,582,84.6,False,32.1,
2022-03-25,SKU-0001,WH-03,93,1787,38.87,False,32.1,
2022-03-25,SKU-0002,WH-01,66,1804,28.82,False,32.1,
2022-03-25,SKU-0002,WH-02,75,1147,72.68,False,32.1,
2022-03-25,SKU-0002,WH-03,110,2075,68.94,False,32.1,
2022-03-25,SKU-0003,WH-01,39,1032,76.76,False,32.1,
2022-03-25,SKU-0003,WH-02,25,615,55.48,False,32.1,
2022-03-25,SKU-0003,WH-03,44,486,73.77,False,32.1,
2022-03-25,SKU-0004,WH-01,81,1592,46.75,False,32.1,
2022-03-25,SKU-0004,WH-02,97,1894,42.33,False,32.1,
2022-03-25,SKU-0004,WH-03,79,1159,79.4,False,32.1,
2022-03-25,SKU-0005,WH-01,115,3271,74.37,False,32.1,
2022-03-25,SKU-0005,WH-02,90,1908,55.23,False,32.1,
2022-03-25,SKU-0005,WH-03,111,2313,57.94,False,32.1,
2022-03-26,SKU-0001,WH-01,80,1451,59.54,False,34.6,
2022-03-26,SKU-0001,WH-02,90,1381,75.5,False,34.6,
2022-03-26,SKU-0001,WH-03,140,3401,22.88,False,34.6,
2022-03-26,SKU-0002,WH-01,80,2232,110.55,False,34.6,
2022-03-26,SKU-0002,WH-02,110,2073,80.83,False,34.6,
2022-03-26,SKU-0002,WH-03,176,3918,58.8,True,34.6,
2022-03-26,SKU-0003,WH-01,66,1855,55.06,False,34.6,
2022-03-26,SKU-0003,WH-02,57,756,56.34,False,34.6,
2022-03-26,SKU-0003,WH-03,52,1460,90.26,False,34.6,
2022-03-26,SKU-0004,WH-01,93,1407,62.0,False,34.6,
2022-03-26,SKU-0004,WH-02,82,1402,82.4,False,34.6,
2022-03-26,SKU-0004,WH-03,175,3256,73.48,False,34.6,
2022-03-26,SKU-0005,WH-01,132,2920,37.29,False,34.6,
2022-03-26,SKU-0005,WH-02,150,2123,14.33,False,34.6,
2022-03-26,SKU-0005,WH-03,174,4672,53.18,False,34.6,
2022-03-27,SKU-0001,WH-01,107,3163,17.12,False,34.8,
2022-03-27,SKU-0001,WH-02,67,843,61.37,False,34.8,
2022-03-27,SKU-0001,WH-03,92,977,38.08,False,34.8,
2022-03-27,SKU-0002,WH-01,83,940,51.76,False,34.8,
2022-03-27,SKU-0002,WH-02,146,4231,12.55,False,34.8,
2022-03-27,SKU-0002,WH-03,105,1193,68.82,False,34.8,
2022-03-27,SKU-0003,WH-01,53,1138,27.01,False,34.8,
2022-03-27,SKU-0003,WH-02,54,920,87.8,False,34.8,
2022-03-27,SKU-0003,WH-03,41,848,15.71,False,34.8,
2022-03-27,SKU-0004,WH-01,139,2815,45.18,False,34.8,
2022-03-27,SKU-0004,WH-02,81,2334,60.38,False,34.8,
2022-03-27,SKU-0004,WH-03,69,922,18.07,False,34.8,
2022-03-27,SKU-0005,WH-01,138,2633,102.38,False,34.8,
2022-03-27,SKU-0005,WH-02,153,3039,66.54,False,34.8,
2022-03-27,SKU-0005,WH-03,173,3921,27.81,False,34.8,
2022-03-28,SKU-0001,WH-01,86,1013,58.95,False,33.1,
2022-03-28,SKU-0001,WH-02,95,2256,21.34,False,33.1,
2022-03-28,SKU-0001,WH-03,111,1165,19.02,False,33.1,
2022-03-28,SKU-0002,WH-01,78,1033,52.78,False,33.1,
2022-03-28,SKU-0002,WH-02,92,1664,70.88,False,33.1,
2022-03-28,SKU-0002,WH-03,88,1627,34.74,False,33.1,
2022-03-28,SKU-0003,WH-01,39,814,28.94,False,33.1,
2022-03-28,SKU-0003,WH-02,33,460,29.81,False,33.1,
2022-03-28,SKU-0003,WH-03,39,677,43.01,False,33.1,
2022-03-28,SKU-0004,WH-01,131,2060,28.54,False,33.1,
2022-03-28,SKU-0004,WH-02,71,1033,30.78,False,33.1,
2022-03-28,SKU-0004,WH-03,89,1129,21.93,False,33.1,
2022-03-28,SKU-0005,WH-01,104,1573,41.41,False,33.1,
2022-03-28,SKU-0005,WH-02,60,921,24.08,False,33.1,
2022-03-28,SKU-0005,WH-03,88,1332,100.73,False,33.1,
2022-03-29,SKU-0001,WH-01,66,1166,79.42,False,34.0,
2022-03-29,SKU-0001,WH-02,109,2873,57.8,False,34.0,
2022-03-29,SKU-0001,WH-03,185,3690,66.3,True,34.0,
2022-03-29,SKU-0002,WH-01,89,1500,10.98,False,34.0,
2022-03-29,SKU-0002,WH-02,95,2239,36.85,False,34.0,
2022-03-29,SKU-0002,WH-03,92,1121,108.67,False,34.0,
2022-03-29,SKU-0003,WH-01,31,359,44.71,False,34.0,
2022-03-29,SKU-0003,WH-02,29,605,92.12,False,34.0,
2022-03-29,SKU-0003,WH-03,36,1041,21.6,False,34.0,
2022-03-29,SKU-0004,WH-01,75,2005,42.08,False,34.0,
2022-03-29,SKU-0004,WH-02,74,1954,12.34,False,34.0,
2022-03-29,SKU-0004,WH-03,66,1400,31.85,False,34.0,
2022-03-29,SKU-0005,WH-01,114,2389,47.63,False,34.0,
2022-03-29,SKU-0005,WH-02,83,2225,33.35,False,34.0,
2022-03-29,SKU-0005,WH-03,99,1769,72.11,False,34.0,
2022-03-30,SKU-0001,WH-01,86,2071,23.39,False,35.3,
2022-03-30,SKU-0001,WH-02,78,1764,44.33,False,35.3,
2022-03-30,SKU-0001,WH-03,100,2621,32.52,False,35.3,
2022-03-30,SKU-0002,WH-01,75,1500,75.98,False,35.3,
2022-03-30,SKU-0002,WH-02,84,1751,87.29,False,35.3,
2022-03-30,SKU-0002,WH-03,121,3428,74.25,False,35.3,
2022-03-30,SKU-0003,WH-01,33,776,74.85,False,35.3,
2022-03-30,SKU-0003,WH-02,37,512,67.91,False,35.3,
2022-03-30,SKU-0003,WH-03,49,663,75.55,False,35.3,
2022-03-30,SKU-0004,WH-01,113,1555,80.19,False,35.3,
2022-03-30,SKU-0004,WH-02,94,1276,35.38,False,35.3,
2022-03-30,SKU-0004,WH-03,112,1838,41.05,False,35.3,
2022-03-30,SKU-0005,WH-01,127,2707,81.96,False,35.3,
2022-03-30,SKU-0005,WH-02,144,4002,70.79,False,35.3,
2022-03-30,SKU-0005,WH-03,121,2670,92.88,False,35.3,
2022-03-31,SKU-0001,WH-01,70,1573,69.29,False,38.3,
2022-03-31,SKU-0001,WH-02,89,1670,9.76,False,38.3,
2022-03-31,SKU-0001,WH-03,114,1596,25.2,False,38.3,
2022-03-31,SKU-0002,WH-01,80,1946,68.45,False,38.3,
2022-03-31,SKU-0002,WH-02,86,1929,51.05,False,38.3,
2022-03-31,SKU-0002,WH-03,90,2057,47.63,False,38.3,
2022-03-31,SKU-0003,WH-01,27,573,98.85,False,38.3,
2022-03-31,SKU-0003,WH-02,29,725,72.7,False,38.3,
2022-03-31,SKU-0003,WH-03,35,688,20.48,False,38.3,
2022-03-31,SKU-0004,WH-01,106,1709,72.52,False,38.3,
2022-03-31,SKU-0004,WH-02,101,2208,15.95,False,38.3,
2022-03-31,SKU-0004,WH-03,68,1148,83.16,False,38.3,
2022-03-31,SKU-0005,WH-01,112,1916,107.07,False,38.3,
2022-03-31,SKU-0005,WH-02,151,3133,14.78,True,38.3,
2022-03-31,SKU-0005,WH-03,121,2292,11.32,False,38.3,
2022-04-01,SKU-0001,WH-01,69,883,64.49,False,34.7,
2022-04-01,SKU-0001,WH-02,77,1582,49.39,False,34.7,
2022-04-01,SKU-0001,WH-03,91,1290,10.81,False,34.7,
2022-04-01,SKU-0002,WH-01,62,1533,17.47,False,34.7,
2022-04-01,SKU-0002,WH-02,66,1639,53.51,False,34.7,
2022-04-01,SKU-0002,WH-03,99,1244,72.08,False,34.7,
2022-04-01,SKU-0003,WH-01,33,912,29.43,False,34.7,
2022-04-01,SKU-0003,WH-02,30,535,30.12,False,34.7,
2022-04-01,SKU-0003,WH-03,33,579,70.81,False,34.7,
2022-04-01,SKU-0004,WH-01,91,1363,80.89,False,34.7,
2022-04-01,SKU-0004,WH-02,89,1812,40.22,False,34.7,
2022-04-01,SKU-0004,WH-03,101,1701,12.8,False,34.7,
2022-04-01,SKU-0005,WH-01,113,1626,13.03,False,34.7,
2022-04-01,SKU-0005,WH-02,81,871,83.88,False,34.7,
2022-04-01,SKU-0005,WH-03,117,1420,90.17,False,34.7,
